post_id	preds
16	['3qvh482o', 'atji1xge', 'hdk02l2r', '25aj8rj5', '81fv8lzd']
69	['r58aohnu', 'yrowv62k', '9qsqj91d', 'rpwmcqbg', 'h2sza0if']
73	['f5twvg9g', 'gjtefdxb', 'w0j0n8mn', 'h6gdck2u', 'whh34bjb']
93	['3sr2exq9', 'sv48gjkk', 'z795y51f', 'tx8ypqsm', 'k0f4cwig']
96	['ybwwmyqy', 'ouvq2wpq', 'lzddnb8j', 't3vuwghp', '3l6ipiwk']
116	['vx9vqr1k', 't019zx7q', 'hkopopa6', 'pxhetma5', 'xh723tgl']
132	['jjh1z5c6', '1s8jzzwg', 'uyb0of5p', '763v4duh', '0r0zdpds']
145	['yoiq6cgt', 'jtb71lfd', 'u6tbu9jf', 'jincu9xx', 'df5n5v09']
150	['be8eu3qi', 'm22h669g', 'm4u4ulml', 'dx2cx9lx', 'vzloj6b3']
152	['c0ipfbeg', 'wgbyqfrx', 'hhuu7ol8', '4cnk76lb', 'sv6rhlkb']
158	['u8mu4yga', 'zue5hnal', '0cnjtxyq', 'z479u0e3', 'iu1d9i57']
159	['9nostuqg', '1v7zkplv', 'jwl8n0p8', '2jfo2csi', 'c7ci5w56']
169	['kfjgy6wl', 'n2wqalcu', 'uarsobci', 'ybxuykpz', 'imheos0p']
173	['tzp03hmr', 'pva0xii7', 's6b2zp99', 'li5cw8xx', '73oe5as9']
177	['u0jddsup', '5dgggmv6', 'oyr4klqk', 'oud5ioks', 'mcm8hvjx']
178	['21qgukm1', 'xli7wyg4', '4fhegc0z', '1r2uvoqf', 'v77n1vbf']
192	['ndcg3o7a', 's3o9v1fl', 'i57f9ayv', 'whkfvd7l', '27jytj4k']
193	['yfbg2n2u', 'sg1e404x', 'yi1s6xap', 'lcqxnrge', 'e9uou6rr']
201	['1jtln8wc', 't6rxsiat', 'e9j4b00a', 'tiqksd69', 'f0m3wuyj']
209	['irz0l5wv', 'asrkuts7', 'jbom8iq6', '5wg2clq7', 'tah4bpj1']
231	['7xt894vr', 'y047cuxp', '3nxmw97e', '6fmc5mbs', 'y1nrc138']
243	['gtp01rna', '6a728le9', '6j45mmjh', 'xvphsdg7', '1blzi9r3']
244	['bc8xa92n', 'srudhcre', 'fi7a0qvj', 'cqwvn9na', 'npbzxwgu']
247	['tx2krngu', 'zrg21jgx', 'ixnko86u', 'ttvlddm2', '3tnual3u']
260	['d6a6nagk', 'uohbxoeb', 'cq5z8lqu', '0bh8i14e', 'pa000mr8']
270	['ivy95jpw', 'hert77y1', 'sywxrxmf', '5f95gve3', 'roe6g61u']
272	['3u3i5myh', 'x9lxyrgw', '86auifl6', 'ijzoa0yn', 'c5be70t6']
276	['pspko62f', '2jfo2csi', 'w4zab80p', '7j7u4sv3', 'vjpf1fk6']
291	['utxzc0x5', 'bshcsfxr', 'uhtwkkk3', '35fnrje0', 'kzl1dx8i']
292	['3o5c0l24', 'z2z0hu49', 'c3xbw539', 'wr4r7jd8', 'a94at9dk']
300	['1wui9gwa', 'jkm496ip', 'lnnsxwk2', 'c18arb6s', 'xcsl2evz']
306	['unx1pv2k', 'm4fcw7lk', '2h4cat6k', 'pi77smba', '0njpdbv5']
329	['dsfbmhbj', '2my9o9fy', 'q9bwvh0t', '26kx1b0h', 'vtagfrds']
344	['eywnnzxe', 'qh7biax3', 'sr9qxnu2', 'rc5d6wi3', 'vjpf1fk6']
358	['0yysikc1', 'jjh1z5c6', '0mwz8kwo', '2tre0wat', 'ej7pj7d2']
362	['8iqs6jko', 'knbngla3', 'mnjy6bq2', 'dxrltm25', '2bupc5jh']
377	['qeqd4soe', 'sywxrxmf', 'y420tku1', 'roe6g61u', 'jz6o9gnb']
386	['41yfx1ev', 'p576v9du', 'b0k91b91', 'iayyox4r', 'hyezouy8']
387	['qeqd4soe', 'sywxrxmf', 'y420tku1', 'jz6o9gnb', '0qy6hcgp']
404	['daj5g788', 'zctjkag0', 'u89jd28e', '3w5ouagx', 'eo1uz3g2']
406	['daj5g788', 'qh7biax3', 'toy8i1lm', 'frr4vu0w', 'y04dub8o']
414	['mqk72say', 'wxrv37ec', 'uyrg5bed', 'tm9jb7bq', 'p1w0p6b3']
418	['ec3pmvih', 'dm6pznm2', 'em2uatlm', '1vcc1khg', 'vrs88dcy']
420	['t6rxsiat', '1jtln8wc', 'f0m3wuyj', 's0aqouwa', 'nxihvig3']
441	['v1cfaqyx', 'jpby8m6r', 'g9ao6ruo', '5h54azyy', 'vryngrq8']
443	['sikgdopk', '446p4tbc', 'hii4smax', 'lh9tk4a4', 'km2uxj9p']
450	['3vccsofn', '3p8rdaoj', 'ezrarusj', '0vmxjil6', 'wtenvb27']
452	['45y7jepy', 'psrsed4b', '7bvwlis6', 'jblmnx8j', 'xe2a9x07']
469	['08u566ia', '9cswjm9y', 'kbpjm0pb', 'ihgxtu8g', 'rpglw6mm']
488	['k1n00gir', 'bdkr3s9t', 'ny7wkswf', '01c1hxav', 'ypxur24q']
491	['rn8eezep', 'atd6bg76', '7dyhyruo', 'g7e1mcve', 'be8eu3qi']
499	['h7ftu3ax', 'nr0fu2qb', 't0iw2vod', 'qi1henyy', 'umvrwgaw']
508	['msb6wgnv', 'nblbacmn', 'zd8276gs', 'jrgeasqy', 'bi9fid5f']
522	['tc6btsdu', 'xp2qkk52', 'u6tbu9jf', 'iyc8j5mr', 'vjwu0fvp']
530	['ywvk6gu6', 'zo8stuvh', '5t4twnpm', 'c9sidpy9', '9wvlt53w']
535	['l2i3aa3k', 'qxxn1zf9', '1m1hi735', 'kmuwb9ia', '80yu5aiv']
566	['4cy3er3y', 'jo38hjqa', 'io8mozoe', 'tdxrx9se', 'ey34e59f']
572	['9mvk86q6', '4jyltfus', 'yyfsnthj', 'e3e48idb', '40fvjskj']
600	['wjdif3r3', 'k30wvnx8', 'mayhg4jq', 'z2jtzsl6', 'upf0ecx7']
611	['0u4nmrq4', '19skljon', 'sygm6irl', '4zswxeth', 'dqhdws5k']
616	['yslf5er3', 'qgxaekae', 'o6dd2vu1', 'xxu5e5t1', '07xpz3qg']
628	['y8i60bm3', 'lafh3w44', 'g6kag5ij', 'dql5n9k7', 'jctz6fbg']
631	['yjm6asp5', 'mmr04tsm', '9gw8z8zm', 'jazfyjwl', 'pxo5uh4w']
653	['2tre0wat', 'np1y2fkt', '3o5c0l24', 'la2wvnb0', '0r3l3b88']
672	['iyc8j5mr', 'vjwu0fvp', '0pcgcbjw', '6l4le1pq', 'xneu8glk']
675	['lwhy2spw', '6mpxu6r0', 'w9qei8zj', '7hsd4kde', '2qksxqmb']
679	['7xb7hj9u', '3kde69wy', 'iff8cuum', 'svi7syld', '6pn9jwfn']
704	['r6r7k3zr', 'yuppix3r', '1foh6k53', '7hkowm2y', 'ghi0ekm5']
707	['wcyqks52', 'o7qibwzj', 'lsvf3hl6', 'ls4qfvwq', 'rvbofsmb']
711	['3ttyxjgi', 'e63j8gci', 'qdw86v8i', '5vodag6c', 'vndj6f7w']
713	['b0wy5zz4', '8t4rnfyu', 'vp2t4xkn', 'tk0iwpnb', 'ub7ilx98']
717	['630w2rtn', 'n040i865', '2r0a357c', '1adofojj', 'b6bl0xrc']
746	['9eudsrjr', 'wrzmgnrb', 'cy0wy98u', '5aev7ltr', 'h8h8xkfx']
751	['4h5a6qh1', 'hs2q61gw', 'x5btuxrq', '1umbwskb', '43uhmi0g']
771	['f3w4v5ej', 'ybyk54ts', 'zj0yxy2z', 'lsgm7y5t', 'axy3jx7l']
776	['styavbvi', '25aj8rj5', 'wku3qrtg', '78qsuc5l', 'wknaotjt']
787	['jr92ou2e', 'y7v9zc6w', 'b9nsh19x', '5rdsn2mn', 'sr9qxnu2']
792	['ws7lp560', 'z8jbxag1', 'g99myvw1', 'gywxvzm6', '3ybiysp4']
805	['ag18sokf', 'c2a07zg0', 'cht8xf0x', 'spiud6ok', '27jytj4k']
813	['tx3qbg32', 'axa9cqk6', 'o6dd2vu1', 'kfbrar54', 'bu59aji5']
822	['x5btuxrq', '4h5a6qh1', 'hs2q61gw', '1umbwskb', '43uhmi0g']
824	['u5rbvc3i', '05lgp662', 'r67lnbfc', 'q77tr31d', 'qxntta1u']
835	['gtp01rna', '6j45mmjh', '6a728le9', 'bcttenl4', 'qbj8n8h6']
837	['10v7kfcd', 'q58dzxwc', 'mi6bdisx', 'eauj21v4', 'v5eth1m3']
849	['otme0vmu', 'ncfvllzi', 'ty2hsl6r', 'w50gorzr', '0474ggrt']
850	['8llmriik', 'q732eylh', 'ddwrvlc9', 'uarsobci', 'pqt10xzt']
852	['bcttenl4', 'gtp01rna', '6a728le9', '6j45mmjh', '08z6z7d5']
877	['ywvk6gu6', 'i5j4nmjz', '0bczgiyy', 'sxq2063i', 'nbn44sxq']
889	['wm3l1849', 'p196javw', 'aqfrykut', 'vs730te0', 'vwvzxlqh']
916	['ms7hst7z', 'nblbacmn', 'u0lvjlbs', 'djt9sb1q', 'yyhuctqg']
935	['qeqd4soe', '14alhxc3', 'd21lvneh', 'cntmsia6', 'sywxrxmf']
938	['qeqd4soe', 'sywxrxmf', 'fq5nayxt', 'y420tku1', '1ef8ac5c']
954	['qtzhfnr6', 'gqwwfpch', '1lggbkly', 'tmonjdrp', 'c6lilxk3']
958	['t1a8vnms', 'd3owu2ob', 'rog0fp93', 'rtczfklg', '6i9yw83j']
969	['6o7q57xl', 'fpexa30s', '69wuny3p', 'd6mt6nze', 'foopvh5z']
971	['wpabett8', '39dqjlly', 'bgljm9q2', '88vj8czi', 'ziyzdcmg']
977	['z3msyl45', 'wq3rlpo3', 'k4ubol2x', '1jcvi6sp', '4rzttwyp']
984	['msra1ghp', 'zy48nad1', 'mpuhbr2p', 'e5tey69t', 'j81gogc8']
987	['tk0iwpnb', 'wt5qxe0j', '3mfwweyr', 'vo4csaah', 'b0wy5zz4']
1039	['0oq0xmzr', 'qgwu9fsk', '8zufbeuz', 'x4zuv4jo', 'uc316ncl']
1056	['lvw0cnwj', 'jjiiutd5', 'wtenvb27', 'jty38eda', 'zc10b6j5']
1060	['p36ilfqj', 'uyzalds2', 'ljpeq5aw', 'w036x5gr', 'bdxzphjb']
1062	['5t4twnpm', '08h4198w', 'ovgk0wsn', 'on53pegz', 'ywvk6gu6']
1070	['lvw0cnwj', 'zueprmdz', 'a0q61mpi', 'nwb7qf9l', 'ykfidmzv']
1072	['s23d5pns', 'mt61b7o7', 'd7tk12u2', 'tmdsyzyt', 'jtb71lfd']
1073	['ybcr7clp', 'qqdcs77q', '6sk97gc4', '7obhnmah', '8vnsrvws']
1075	['2uy0jjdh', 'aj885nl0', 'm80rklg5', '2w6p6jji', 'z92xqedn']
1092	['qeqd4soe', 'sywxrxmf', 'y420tku1', 'h6f3500y', 'jz6o9gnb']
1103	['w0lgteil', 'wdn5skh2', 'snlukr6c', '16qdfits', 'jbvsmuea']
1104	['5ngg5hm4', 'e49rdu76', '6a8j7hjt', 'di4p48ax', '660gckc7']
1108	['vp2t4xkn', '1smu8yc3', 'qqdcs77q', 's529slm0', '63b7yidq']
1118	['k30wvnx8', 'kfjgy6wl', 'ncfvllzi', 'ikon1ktb', '3l3zs90e']
1119	['y6zisciu', 'ipzn2sxb', '4kfbs7j4', '80kxz7yr', 'kap7r6de']
1128	['ypxur24q', '93y40vnp', 'pzbs8e1h', 'aj64338q', '3xzivp7d']
1131	['e5v9e584', 'gss2lw8m', 'ia8rou81', '0d6sa9pe', 'elycje9y']
1144	['ia8rou81', '4u3v4vyu', 'p2gzup4w', 'lnxsblg3', 'hm332jqo']
1161	['qeqd4soe', 'sywxrxmf', 'y420tku1', 'h6f3500y', 'jz6o9gnb']
1162	['uqeikj0m', 'cg6v3yma', '6ukt0gbn', 'cfd1x420', 'rpjg4a9i']
1172	['1itor6ic', 'y6ufb4l6', 'zhg1hvsq', '4jjuwc9r', 'prqrsb3c']
1179	['gjsrfmj4', 'kugpzkyx', 'kdxoyvsv', 'uj5deryi', 'lhvgsmgf']
1184	['s9b631ee', 'nnxlzxdt', 'ld7lhdi1', '4budtw8s', '1adofojj']
1189	['v5beddu4', 'l63d9lyd', 'hg1q14gw', '9ixpj162', 'xzuynia2']
1198	['1f6kq8co', 'aqke0012', 'n2wqalcu', '8wpfjxci', 'kl2w6yiv']
1211	['wyn09ag4', '53vvp3j5', 'n2t35wgn', 'hgqohdct', 'jmdrupds']
1222	['vbnke2q5', 'rxq2bgpp', 'dx2cx9lx', 'm4u4ulml', 'ivug325f']
1225	['yjibz8ie', 'q4q06pzc', 'mamtxi9v', 'szekvw7e', '6g4oclln']
1229	['4p6fcy8f', 'aawjla6h', '4zelg0m1', 'sijfzd2o', 'pm3ck1gk']
1230	['7xx57cwo', 'xwu1gdak', 'ac9n08nx', 'nvebqwwh', 'klmhhvtc']
1237	['t3dzso36', 'rb20ge7e', 'ljlsvc9h', 'fnguelau', 'x73moqog']
1250	['jfdwo189', 'hgph0vx4', '9iz8papc', 'tuqp3ngs', '15qzydx3']
1261	['y7082lr7', '0d6sa9pe', 'lg6qorv0', '9oxajwkk', 'vprj63y2']
1262	['aoi4iqkf', 'd6a6nagk', 'zdfx3zo3', '95zrth5d', 'oud5ioks']
1272	['02p4et0u', '08mfxvql', 'hws1e4tv', 'm46vdpv6', 'cj3cpn5j']
1274	['pl6dpxkz', 'lh9tk4a4', '7rujn0d3', 'lvbutmio', '4zd58eqy']
1304	['i6u1x0xq', 'ez1l3m4o', 'y9v8mbh9', 'g1o4t8ps', 'u999bx7a']
1314	['ls4qfvwq', '3otvtwbb', 'j4bfn87k', 'xfqst9fl', 'pi77smba']
1319	['626ch774', 'a242g5kg', '1ucs8zu1', 'hnsv4ov0', 'c1k9ubbk']
1342	['d6a6nagk', '7wsumadw', 'zdfx3zo3', 'te0v91nr', '5dgggmv6']
1345	['b0wy5zz4', 'svsib7yj', '1vd4j3qc', '7f33cu6l', '4gxff3rd']
1346	['ba5h6uhu', 'i3jsvtwp', 'ndcg3o7a', 'e9ba18fn', '27jytj4k']
1351	['5kchpjx0', '6o7q57xl', 'qh6fqna8', '6mfd3n4s', 'edr7hrhp']
1355	['1vd4j3qc', 'n5c0hcwn', '3cr97dii', 'rckwiqgb', 'kgggepu0']
1365	['85jx7i06', 'djev6er7', 'g8tckoxj', 'su028g3j', 'pkhinwlh']
1374	['ys7azmv7', 's2hp3sat', 'hf79cbuq', 'mdewdbqs', 'bmmdygbs']
1381	['65gedo6u', 'vrhrc7v6', 'qv1xfrg6', 'vygvs1x3', 'wb1apvn2']
1398	['0yysikc1', 'jjh1z5c6', '2tre0wat', 'k8wb51i7', 'gtwg0m54']
1402	['gfb11r1i', 'bikc25se', 'pc04eb8e', 'z8ajje2l', '99cgvtlu']
1409	['8bjfoa9g', '9v6f2274', 'y14lw5b2', '9qsqj91d', 'knbngla3']
1410	['0a1m1niu', '25enjybe', 'o1xsjx2p', 'zdfslfmb', 'kajker7i']
1428	['unhrmzn5', '3u3i5myh', 'hzn3qus3', 'qdmkx03t', 'l3cisx2n']
1430	['l57v4wnr', 'fxy3ujsj', 's23d5pns', 'ehqk1d63', 'm46vdpv6']
1447	['ufniziwd', 'b39i4v0t', '53xk7574', 'sqxl75qb', 'qv1xfrg6']
1452	['gu4mz2vp', 'qfrenkb6', 'ach2lhhe', '2bupc5jh', '52x62y5l']
1455	['riltam7g', 'nbghk20z', 'u3ympejy', '8bi9owk4', 'zdlbsuys']
1468	['q9bwvh0t', 'vpoqfm7d', '53x6do07', 'ovuh3qoh', '5ojyly05']
1471	['vprj63y2', 'ca9uxrtc', 'qm0f590n', 'o1xsjx2p', '5q7fmrqo']
1476	['963hkkiy', '8lyipugh', 'uzry86hi', 'n9nu5n44', 'ikjfv4oh']
1479	['o3pvsjq2', 'l5kr2dw8', 'zjbclhj3', '9ud32cvb', 'u5nxm9tu']
1484	['8iqs6jko', 'gjtefdxb', '0imnd2q5', 'a0q61mpi', 'h7ftu3ax']
1490	['zycgczqy', '763v4duh', 'ey0r1py7', 'w2c01295', 'iu1d9i57']
1492	['zycgczqy', 'iu1d9i57', 'lr20prun', 'dt2pew66', 'cg6v3yma']
1517	['ox59xb6z', 't4y1ylb3', 'ruewzstg', 'awh8y9j8', 'yrhb6ktc']
1526	['2hkdhwaw', 's1dert6n', '8t4rnfyu', 'ijzoa0yn', 'orddpgl3']
1536	['h2lnqvsv', '70nbsrl4', '8qdcls1k', 'r0pzpont', '1m093f8d']
1537	['ybcr7clp', '7obhnmah', 'rytw6rfd', '9bhi3rqu', 'zf8qg1q3']
1543	['52cub1om', 'gjtefdxb', 'rpwmcqbg', '8hchfgx6', '9v6f2274']
1555	['3u3i5myh', '86auifl6', 'x9lxyrgw', 'y1cazbqu', '5iudn4kq']
1559	['cnir3fx1', '9nyfz7s2', 'vtagfrds', 'qqdcs77q', 'vhjzjdou']
1566	['n3i3x5pn', 'uxn85mir', 'iavvan2c', 'hgvqjtfa', 'vprj63y2']
1598	['sljh3o2k', 'kiq6xb6k', 'cnz7jlw4', 'tjhtk2up', 's2vckt2w']
1608	['qeqd4soe', '14alhxc3', 'm69ceq2t', 'tq2vdo88', 'rp9opdmd']
1609	['konern28', 'u66awao9', 'r0nmq9ne', 'hsimf7wt', 'd60chk12']
1620	['s7z1l3a9', '53vvp3j5', '41yfx1ev', 'zkxrjk3p', 'x9lxyrgw']
1643	['mrxpmqw8', 'nih4l4ok', 'wvfw94n1', 'whkfvd7l', '3l3zs90e']
1655	['wg0q628x', 'ybyk54ts', 'bog804k9', '0jvoa3ui', 'pkimbhz9']
1677	['jlrzu0wl', '9gqonmf5', 'e756pbyp', 'b2rgb6h9', 'cr1rvy8u']
1680	['xr70oiv3', '0chuwvg6', 'kovi3uyz', 'umg0ms2i', 'g9rs9cx8']
1702	['4ghn6zbd', '0vlh67jw', 'uyo1rpx6', 'r58aohnu', '8iqs6jko']
1749	['jhsqrto0', 'npd9wz3u', '0evl3wnd', 'm31pjcrl', 'cgxa33up']
1769	['qnqh7fum', 'lricvxim', 'bv1v3awh', 'wkwqlnz2', '9bzbab1s']
1786	['eztw9tx6', '29ph2eai', 'mqzus147', 'iatmjkzk', 'zuc538yd']
1800	['ajqbljai', 'u39a6nwc', 'grx4gx95', 'wtb51big', 'swaf5pao']
1807	['oah1to9w', 'p3jvuj8k', 'lfvvfzi5', 'xo7q4dqr', 'fi7a0qvj']
1818	['0i12e4tn', 'cj7izin2', 'f6vau5s6', '1d49odsq', 'uaccs7k9']
1821	['khkw1hhv', '2r11piid', 'wqmscp6l', 'np67kl94', 'gin90aef']
1835	['h8w4q5ff', 'sxoo9p8e', '69wuny3p', 'tx2krngu', 'b0k91b91']
1846	['gxk5t1yp', 'lfqi7jsa', '0n51j2jo', 's96b0s76', 'rnfh9v1h']
1862	['hu2lg6i7', '8oi7ptfj', 'vnnnevrl', 'u92ruhjj', '387spphe']
1866	['hu2lg6i7', '8dh4xvph', '4bvxj7u3', 'qqdcs77q', 'vwrhypnl']
1875	['p8ckcvyj', 'v9fz02es', 'clrlg58a', '58mdhe5v', 'yz8rtmc4']
1877	['p8ckcvyj', '58mdhe5v', 'snsjrjx3', '0vwspd6l', 'v857wnfh']
1904	['1l7hldfh', 'ybyk54ts', 'gap91mwc', '88vj8czi', '50frs197']
1935	['hz5vigp0', 'nt1e70dv', 'u4ntxo0y', 'q4zuslmp', '3cnmj21f']
1958	['3oetrhdh', 'u6b8iwr0', 'l0b99hye', '121p2shq', '0emibwp3']
1962	['vxavox24', 'j23pvlj9', 'f3mvdpq1', 'q44yuued', '5zzlhyga']
1966	['j23pvlj9', '9mmdtgc2', 'x220pjeg', 'z94005i4', 'vxavox24']
1975	['e8fhlo37', 'mzekhyu0', 'sc40pmn4', '213bme3q', '40hd9tg2']
1984	['d4eae8g3', '4z8i83p4', 'prqrsb3c', 'k1n00gir', 'ssicvtv0']
1985	['d4eae8g3', 'cvkdpnn3', '4c7ug40v', 'ogrlupbx', 'ybyk54ts']
1990	['sjrle2n0', '73b58lcm', 'cgz5ot21', 'o99l5oh1', 'sjrnu3f3']
1997	['pn516wom', '6k0nhmg9', '92tvskxw', 'y07xjnpe', '6ir39t8h']
2008	['cxqzo58q', 'yo2lpdi4', '60en5zy7', 'd2pzezq8', '1tlduxz2']
2057	['jswlq6wp', 'qqdcs77q', 'd44561hh', '1fdnbq1f', 'mi6bdisx']
2067	['unl3n0tn', '8iqs6jko', 'ktjhr028', '2bpyvgv7', '4mx9t5td']
2086	['828eqxla', 'yq2dt0gv', '62esadjt', '9gx3s4zq', '28wn23nl']
2104	['ucea0r2u', 'k36t200n', '4ff2e17a', 'b4mjo92p', 'cwdtyr1v']
2116	['3u3i5myh', 'y1cazbqu', '5nr3j1ew', '5iudn4kq', 'x9lxyrgw']
2120	['eywnnzxe', 'byw8jsqv', 'vi1jl4po', 'h35we3mn', 'w1bx4a7v']
2123	['f9vxfk68', 'nwb7qf9l', 'd3pxk5tr', 'c3v7rf1m', '1wcfrvnd']
2125	['pgasbdpp', 'iuy5a0bk', 'l69kwh48', 'cb3u1s7s', 'yqx0xqz9']
2132	['6a728le9', '9gy70ty2', 'gtp01rna', 'ike8mgh6', 'dica9bqx']
2139	['duqgd4gs', 'yadb7gwj', 'zctjkag0', 'dng3ef3x', '1mx3jrup']
2149	['9jfclm9c', 'v5beddu4', '13kzv4b2', 'l63d9lyd', 'irx4pcsx']
2154	['ffy19pp9', 'cmp1bvhd', 'tah3jdw0', 'xtlhhc54', 'in9a3bvi']
2160	['kuu5m37h', 'm2z6k2va', '3ybiysp4', '5yscqct1', 'bxjmeqgp']
2161	['dsfbmhbj', 'mmr04tsm', 'nosh8awp', 'taz8f384', 'hxpqexi1']
2162	['t4y1ylb3', '2tax8ajw', '7a543f7v', 'zctjkag0', 'lq580iwg']
2172	['tra5ewc5', 'pu12u627', '9mn6trtn', '763v4duh', '0rzaa0fd']
2185	['xe8t3uqp', '0pcgcbjw', 'xneu8glk', '20xgqvxc', 'irz0l5wv']
2199	['7esjlc7i', '186wyg7t', 'roe6g61u', 'oqhmvpjm', 'sywxrxmf']
2200	['eia1mvaw', 'vbhijlmn', 'n3nwra0o', '1l3b0hqj', 'kfn2q7wt']
2201	['urk8aa5b', 'sncz4jkc', 'gc9eg5j3', '4mjg7jul', 'dksw5yzp']
2210	['k0v1axmd', '11xjl53c', 'z8758x5u', 'sr9qxnu2', 'lbd6hn57']
2236	['eydniusb', 'v4dbkyjh', 'wxc5g9l2', 'of996ayq', 'xkx181ek']
2246	['qjqk8xge', 'tf181d85', '55hyrgvk', 'ey34e59f', '3jyokb6c']
2251	['95wclabe', 'aq2iz9tq', 'ay69e8ad', '10l12wgu', 'tf181d85']
2256	['3wg6flz0', '2dvljm27', '446p4tbc', '7fociv5v', '86q3gw4x']
2259	['znswomwk', '24u6q3ae', 'q7vv128t', 'fo815n5l', 'r1tl2hrk']
2263	['t0iw2vod', 'h7ftu3ax', 'gjtefdxb', 'pvrp8u8n', 'xtraspw2']
2269	['nr0fu2qb', 'p3dex2to', 'oywhabcd', 'udtoutew', '1s8jzzwg']
2284	['7xnga86x', 'ymbfoqfa', '5fg1keua', 'ujq9mxk7', 'i9cti2ok']
2287	['8cvjsisw', 'py2ygpzt', 'p37dnoj8', '4frv2vb7', '8ggucrp6']
2308	['xsk68m5f', 'xmiefdez', 'v6w9mlsa', '1tz7y2sh', 'hsdeesm2']
2313	['xsk68m5f', 'dq6iyabh', 'wwt7mn55', 'q1mq5f2t', '8vnsrvws']
2318	['tzp03hmr', '73oe5as9', 's6b2zp99', 'pva0xii7', 'yhk50383']
2334	['p91dk324', 'b1s3ubm1', '2dvljm27', 'nbn44sxq', 'utc0qrax']
2368	['5hei9fac', 'uarsobci', '2m6ks6nd', '7pcnf2iv', 'eo1uz3g2']
2377	['m69ceq2t', '4rzogopt', 'd1w8xqvo', 'd6a6nagk', 'mcm8hvjx']
2427	['bttme4wn', 'uaccs7k9', 'ry13iyxn', 'iaziztxm', 'thvhvf4t']
2429	['i4p0n7d6', 'yosjlefy', 'tv1a1hwj', 'qxjwsp8u', '0iy8clcm']
2432	['hbvwm62l', 'lda1tyuh', 'd9rd5392', 'ha5ld7be', '0l6ruql9']
2436	['8dc7andx', 'hm1n8wz2', 'qhqidit5', '9n42e9k3', '2ierk83o']
2438	['tz0pgml3', 'r66qkekd', 'le6d2l5i', 'emvkiex9', '6pruwy09']
2450	['vdfnrh9k', 'lldu8qv9', 'di4p48ax', '1m093f8d', 'yv5nepnc']
2470	['d4eae8g3', 'ogrlupbx', 'cvkdpnn3', '1r9975o8', 'w0j0n8mn']
2474	['53vvp3j5', 'g15tvzn4', 'auy3c2e0', '5053t5ki', 'bmt2zpmv']
2477	['hhq50mrc', 'itx70h27', 'do5qr3ya', 'y1vjka66', 'ickqi7iw']
2485	['3u3i5myh', 'v5eth1m3', 'cfkeqgj3', 'r9qtzdvk', 'qmip3at7']
2489	['10l6kx3e', 'wu2dyleo', '4qp083h4', 'h365e9gx', 'jmzjfwxi']
2492	['dy2bl1p7', '1ha9cubv', 'd5sxycaw', '55gugbs8', 'rpjg4a9i']
2502	['fz14yjvm', 'y6ufb4l6', '1itor6ic', 'fxvro3wl', 'zhg1hvsq']
2505	['v5beddu4', 'l63d9lyd', 'irx4pcsx', 'us11gvdn', '09q2so3j']
2517	['qeqd4soe', 'sywxrxmf', '53vvp3j5', 'y420tku1', 'vjwu0fvp']
2545	['qj1v04cf', '2l83gyx5', 'k36t200n', '9e6g15iw', 'm79zl7ka']
2552	['m13ndhaz', 'pvjoxgn3', 'z77wg8j9', 'yqt2zlpx', 'hjuftxwg']
2558	['gtp5daep', 'tzp03hmr', 'sr9qxnu2', 'tvhn7lnu', 'ybcr7clp']
2559	['7as9f1n6', '9rczqcaz', 'n6of82yn', 'shad8im4', 'roz3qo2j']
2561	['fqdu9uo0', '2cv0vuin', '0999t5x0', 'b9b6ww9q', 'xxtgzo5e']
2588	['43eh69dx', 'bgsbbszf', 'a4babgpl', '24t0lunz', 'vq9m9m94']
2591	['pc2cnhjd', 'ykxr9q1j', 'h6dsjkvz', 'n1ysi7qc', 'ybyk54ts']
2594	['8d6vcqr3', 'k87kwyox', 'mhbwjwrg', '65n6p550', 'r6k0x9ei']
2599	['rhgl6vss', 'hitaptnp', 'bv7hvc1e', '55wqowbq', 'cyfdvgvy']
2639	['87v7i620', 'xqcs4j0g', '01h205jf', 'k9erix1s', 'c5zi5rzz']
2646	['9b6cepf4', '33wqmdnk', '3ttyxjgi', '763v4duh', 'qdw86v8i']
2659	['jgcv1wf3', 'ea2c1l2q', '01d8cqn4', '5iudn4kq', 'jhge9qy5']
2679	['3a7utmsd', 'cd7cfpx3', 'xzps65et', 'c8rgn7e9', 'b4mjo92p']
2681	['l16a5nq7', 'z6gyw3um', '79xw1nof', 'eszhtrze', 'rob84q03']
2686	['9b6cepf4', '8d0zb0lw', 'osol7wdp', 'm6eotnko', 'rpwmcqbg']
2694	['763v4duh', '9b6cepf4', '9hpkmjvu', 'zue5hnal', 'jjh1z5c6']
2695	['2bpyvgv7', '3ttyxjgi', 'e63j8gci', '9b6cepf4', '5vodag6c']
2698	['i8jv5iqo', 'cn0hqvsz', '6danlh8h', '86xwnpde', 'v0zxdkla']
2719	['9g0lo2e9', 'zqg1r6c8', 'ftq6ed38', 'etriddkx', '86gqxajw']
2733	['ah8mzt1g', 'jcueu1xh', '2zu4jjkp', 'y442ugst', 'xe29akkm']
2740	['dnm7s947', 'jmzjfwxi', 'yfoqy2id', 'xurnbrod', '60en5zy7']
2745	['p32h5rp3', 'vkbsxz7r', 'dfhxcqr8', 'whkfvd7l', 'ah8mzt1g']
2773	['94k9cai0', 'ybyk54ts', 'ir874dkj', 'tg00bqhf', 'ca1v4k3h']
2787	['w0ebmg16', 'zue5hnal', 'vvmb92wo', 'w1bx4a7v', 'xtraspw2']
2796	['3ttyxjgi', '5vodag6c', 'e63j8gci', 'f96qs295', 'qdw86v8i']
2801	['geo7ac5i', 'f2det6w2', 'tx2krngu', 'x44oc1k6', 'hcwuv519']
2814	['rm6av6sj', '37gpov43', 'i5h0gm3u', '5j1pce5e', 'q5ie1v0v']
2825	['7kxi7px1', 'gunn55f9', 'rybjc58j', '0phcscz8', 'xmiefdez']
2827	['ajmelb8a', 'ewb09f5h', 'z71bquck', 'hvp47bm2', 'kjf63oug']
2850	['nvebqwwh', 'oc7koh6s', 'rybjc58j', 'fiiyythk', 'nrc35akc']
2859	['v85v5o51', 'mzekhyu0', 'moplus2n', 'eiomk2fh', '74279s3p']
2861	['ec3pmvih', 'ybyk54ts', 'zd7a5v4q', 'ubomj70f', 'gb1sk22m']
2865	['nb27fn2z', 'a2kill55', '73b58lcm', 'mp1z0269', '3kk1l0ag']
2874	['tzp03hmr', 'r1tl2hrk', 'znswomwk', 's6b2zp99', '73oe5as9']
2897	['rm6av6sj', 'y74qhqw7', '53vvp3j5', 'vz8eu3vc', '68x50rni']
2912	['6o7q57xl', 'cplyj4dm', '9jlnker4', 'ipblyab0', '9g547s2n']
2932	['f5twvg9g', 'zweyxxg2', 'p2cbfzmp', 'qwax5tg9', 'mcmqx7og']
2934	['g9btjkcn', 'psghawl0', 'mms1orjq', 'c82i3u0j', 'usr8hzcw']
2937	['sb9ckivs', 'v1cfaqyx', 'lsrpk3wc', 'i57f9ayv', 'rlphji4q']
2942	['flxbomsx', 'dyxyab5g', 'bsypo08l', '5sx04n3x', '1n5750hi']
2947	['tra5ewc5', '9mn6trtn', 'pu12u627', '1s8jzzwg', '0rzaa0fd']
2963	['eczga3ur', 'ksveiiid', 'ta3zlz4z', 'nl1ud0rz', 'ratbgibg']
2966	['55gugbs8', 'q9bwvh0t', 'toixg0hy', 'r5v2gi3v', '5053t5ki']
2980	['w3m884ng', 'n8j1iq8p', '811lov8f', 'ym5my5st', 'p9c3g251']
2986	['zycgczqy', '763v4duh', 'ey0r1py7', '2tre0wat', '5yscqct1']
2995	['222ci300', '23gax7wp', '19i9lknr', '0chuwvg6', 'pvn2qq0f']
3000	['x51jorbm', 'sxi0tpsf', 'olhgu24h', '2tre0wat', '1s8jzzwg']
3001	['5h54azyy', 'c136gh0b', 'u3832seg', 'e4xw6gyp', 'js91utss']
3023	['zh939alw', 'n85adjg5', '8mwogx9u', 'jjh1z5c6', 'c84lpxrn']
3024	['vvuaegse', '9wn91fj2', '7hporv6w', 'ln6t374j', '6o7q57xl']
3040	['s1dert6n', '2hkdhwaw', '6o7q57xl', 'sr9qxnu2', 'c4mz6w9r']
3054	['hw4plghg', 't5k8o6sb', 'vaesa8nh', 'ftt4diu4', 'v6qgjuas']
3059	['zpavu0eh', 'g2j4uqem', 'p3ytwqeg', 'wf72fra8', '6rhgg4h2']
3060	['21qgukm1', 'n2ih64pz', '4mjg7jul', 'kjr6dcqv', '7o7v0ewg']
3066	['8w2t6u96', 'heegb7pp', 'srudhcre', '9ppg80x4', 'crxsv3y7']
3071	['qn6wawxk', 'ny7wkswf', 'dsz66r4u', '3q3ywthu', 'ifovibzi']
3081	['3u3i5myh', 'ijzoa0yn', 'uru7bkr4', 'a4klrp3h', '5vx2ylui']
3114	['2q87yv17', 'wo9gg7nx', 'hranq899', 'aj2ov6sh', '8qml9rrb']
3116	['s6zoqu8a', 'l5xecp5p', '8wrvbt7o', 'q9d88fxx', 'ilkhg3rf']
3122	['vbe9ptjq', 'mobl9jp5', 't3nqlsyw', 'afumc21g', '8796x4ne']
3129	['8dobncuw', 'hn6clwoj', 'qqe331ok', '8hbll61z', 'wqmscp6l']
3135	['s245n3qw', 'n9nh9k40', '01bjz2qq', 'c0ipfbeg', 'hhuu7ol8']
3145	['snsjrjx3', 'o61dn71v', 'v6qgjuas', 'qwax5tg9', 'hw4plghg']
3163	['gbf8beq4', 'ofbnzo6n', 'ca9uxrtc', 'zr4pw0e7', '0zjpvzof']
3169	['82wscept', 'pybdjsdj', '0r46eacc', 'ruwmeau5', 'uc0qkegm']
3180	['n9aqux5a', 'jfpa3rih', 'kmwfce00', 'c9fg1ni6', 'yrhb6ktc']
3199	['yrhb6ktc', 'n9aqux5a', 'c9fg1ni6', 'ruewzstg', 'tn8houmc']
3221	['k1n00gir', 'wk4zxmz9', '6hehg1yf', 'jk5tczo0', 'jfvq2gfx']
3245	['l346qqwp', '34j9n40u', '9f5szh9i', 'ledopkwj', '1k0xqhda']
3268	['tk7eturq', 'jw6kh8os', '0chuwvg6', 'ijsn8d7b', '3ss714ha']
3269	['atd6bg76', 'kk5adtim', 'rcaxap24', 'ut4d68ti', 'tnwafdr0']
3275	['f5twvg9g', 'kayh0v56', '3wjmmr6i', 'rr87vhd0', 'jrgeasqy']
3277	['2firaix6', '7ouo6beb', 'h73m17lw', 'gsgbhqwl', 'e9ba18fn']
3282	['k4k3kcrh', 'pindjvhk', 'v1kozp4s', 'wijqiktk', 'ph7lkuus']
3297	['6pn9jwfn', 'bdxzphjb', 'u7ao9dwx', 'dccymlie', 'ftxgcgkb']
3298	['407va85q', '2l883zhe', 'z3o3ib2f', 'rh2jrojk', 'awm7dj9o']
3300	['b7w2n36j', 'vj6sw2ne', '8gl323hs', 'waerqfzu', 'mumbnmgz']
3319	['0emibwp3', 'soybk2i2', 'dccymlie', 'coh92gm3', 'wtxhbzr9']
3330	['pavd7sj3', 'zzf2i2k2', 'dtja6m6w', '9hzbi2yi', 'vu7bq4b2']
3334	['ueid1mma', '8wrvbt7o', '302hphhx', 'en0obmna', 'yfuddx55']
3347	['yc7cvbii', '2xl0gp1o', '40vsmpfv', 'aj64338q', 'eef8mem7']
3349	['cfd1x420', '6o7q57xl', 'rpjg4a9i', 'u7tqolyi', '25bdifv6']
3350	['41yfx1ev', 'yvdaljz9', '8i9xwogu', 'tij7lakb', 'kt1az1pf']
3355	['fbtyz7tk', 'roe6g61u', '14alhxc3', 'lm73oj21', '6teavsk5']
3358	['5nr3j1ew', 'ivy95jpw', 'c2a07zg0', '2tan64hc', 'x8erq4pc']
3364	['lvydhfej', 'd21lvneh', 'l97yi8l9', 'mpkli2xf', '28lojtvu']
3370	['ix0xi5jb', 'v0qbhyct', 'ktv6fk7q', '3qvh482o', 'is9a77dk']
3430	['8of3u2sc', 'fe456in0', 'xtnyad3j', '3nxmw97e', '7vdd5f4t']
3450	['d4eae8g3', 'ix48o00j', '42wcyjuk', 'syv1rrte', 'cwdtyr1v']
3451	['0n51j2jo', 'tgd6gy3z', '9f5szh9i', 's96beqsh', '726t123x']
3459	['45r6aieu', 'gvp58frm', 'bwmpamea', 'vdejfuuy', 'qtzhfnr6']
3463	['t3xd28ly', 'a6nbpta2', '4888p05u', 'nt1e70dv', 'wq3rlpo3']
3476	['yink1e6b', '0999t5x0', 'nr440fxm', 'jmzjfwxi', 'jcp3u4mf']
3481	['tra5ewc5', 'nlnkgkjo', '0a1m1niu', 'ey34e59f', 'gtp5daep']
3485	['3sr2exq9', 'sv48gjkk', 'z795y51f', 'k0f4cwig', 'f2det6w2']
3486	['gap91mwc', 'ao6632cb', 'zpxnr9s9', '7lli72ph', 'p699a0g2']
3491	['mlozjg9h', 'ghssymgb', '8j3bb6zx', 'b80todl7', 'twlupt3x']
3502	['eml8uilb', 'g7n7jh5y', 'ufzjvdho', 'jo489zm2', 'tloczjn5']
3503	['ijzoa0yn', '3u3i5myh', '4mblzyxk', '5vx2ylui', 'a4klrp3h']
3507	['9ui0t9tf', 'nmrxjal1', 'mqzus147', '2sb905jt', 'zcwh1892']
3508	['io8mozoe', 'dmqk247e', '5eo7wfle', '25bdifv6', 'vvuaegse']
3509	['1qwq3jme', '9f7k0q1h', '80t2ovkk', '2nj7rn4q', '898oxxqi']
3511	['uarsobci', 'ngbnnpni', 'uto9q6s2', 'nl1ud0rz', '72f64kpf']
3518	['9kk8pevp', 'y6jrt5xh', 'b68c8qwm', '7xt894vr', 'leg5ntvu']
3529	['k4ttbbix', 'uv5jctnd', '37gpov43', 'q5ie1v0v', 'rwevmwcr']
3549	['75cnqi4v', 'fmwb9abq', 'v0y734lu', 'xxtgzo5e', 'zq4ty9rw']
3551	['po6cqv4m', 'ewbtb3yc', '7j4i6eud', 'eksi9yia', 'm1tv7mgm']
3566	['ofgv3p8y', 'l30ey4fx', '24wfokhg', 'wkl3jyzn', '7pqy0ejn']
3568	['5vx2ylui', 'pq571myy', '4bvxj7u3', '4d3efrsl', 'wt5qxe0j']
3570	['ju87prqm', '55gugbs8', 't1ughb9b', 'pq571myy', 'r5v2gi3v']
3573	['6rpm4phy', '72f64kpf', 'mo7oq5t8', 'pqt10xzt', '5o5go248']
3603	['gmp22v65', 'w7xaleep', 'r9datawi', 'iwd8nkls', 'qzknhjm9']
3617	['dsfbmhbj', 'ct4licep', '9ok153yl', 'kugpzkyx', '1k0qpuys']
3626	['9qsqj91d', 'rpwmcqbg', 'gjtefdxb', 'ohkki0ke', 't0iw2vod']
3647	['ec3pmvih', 'rmyy6fni', 'wiei5dpt', '307rt03e', 'ue58uvot']
3660	['saxtdqvh', 'h2lnqvsv', 'liip39ku', 'o4ri7t16', 'ls4qfvwq']
3719	['73b58lcm', 'lavcsqov', 'qa6za0yf', 'q7pieq3w', 'o6i5ca7h']
3732	['ax3e82js', 'jz6o9gnb', 'd6a6nagk', 'roe6g61u', 'm0598zrc']
3733	['ax3e82js', 'kc5zizqa', 'o1xkgkn1', '5detaogc', 'neqeedtr']
3734	['b8mx2wrg', '06gxvptj', 'ji3s6rnu', 'g1zpqy18', 'ty2hsl6r']
3735	['u0vhs2d7', 'ijlgjdep', 'yamabj5e', 'tqlzeh09', 'ddpfox68']
3737	['2bpyvgv7', '3ttyxjgi', '5vodag6c', 'qdw86v8i', '9b6cepf4']
3761	['jz3gnise', '55hyrgvk', 'ffy19pp9', 'ijlgjdep', 'ng9o0svz']
3764	['sljh3o2k', '8tqm4k6k', 'uqfwx4nk', 'fedv6m9o', 'pindjvhk']
3798	['7xt894vr', 'a8u31pkr', '998a0aoc', 'fsid4a39', 'y89e2dju']
3801	['7xt894vr', '630w2rtn', 'xhkjbeam', 'rztwiflt', 't8xyrsif']
3804	['78qsuc5l', 'tgrh7ap4', 'xmqdk2wz', 'r4btmprw', 'ho6qjkyr']
3808	['ybyk54ts', '9g0lo2e9', 'jhsqrto0', 'md0drb25', 'vjpf1fk6']
3838	['s9lkvzpo', 'pta8enbu', '9ud32cvb', 'x7ffgtrd', 'ne7e12nj']
3843	['y74qhqw7', 'v85v5o51', '01d8cqn4', 'mzekhyu0', 'o03mmjt2']
3844	['4ohgr8j7', '5tkxucuw', 'p9qeaedh', '6mpxu6r0', 'brt4zrhe']
3857	['2damkjcs', 'h7f3bkc2', 'pw51kd1r', 'cht8xf0x', 'mvo2k2jt']
3874	['1wui9gwa', 'gw9hkw00', 'z7o5vt6p', 'x60fkihk', 'kjc1jdvz']
3882	['pvshw2pn', '7ru6tapp', 'fbcu88lv', '9pn62o4p', 'f9vxfk68']
3906	['rr87vhd0', 'r0taoqsw', 'dm6pznm2', 'hia647nr', 'roz3qo2j']
3908	['d2s3170w', '1ihib857', '5c8im9ci', 'wm6iem8d', 'f6l0hwyw']
3914	['asphtor7', 'ha5ld7be', 'jer4jwwf', 'an8957d8', 'm2z6k2va']
3920	['s7v66pvg', '7vh7d3p4', 'l0l2ev29', 'y1ob8tcq', 'tonemvd7']
3926	['4ghn6zbd', 'ujy4i5uu', 'zghh0zbd', 'zdfslfmb', 'b70zywkw']
3941	['coh92gm3', '8xvqq5eh', 'viqy2ec5', 'agvrw27o', 'bmrxgkz7']
3942	['c3wkwn0u', '55yxh5er', 'opda8pjy', 'anu3pahh', '1umbwskb']
3944	['qfq1nfcn', 'ssskg86y', 'vs730te0', 'y2zcwcic', 'v67s4yz9']
3963	['konern28', 'dnm7s947', 'd2pzezq8', 'mz7b6ey3', 'lbxg93hl']
3995	['i3jsvtwp', 'xjl11qzh', 'm45teajz', 'vg7dvptg', 'ijoyk390']
3998	['vy21fxfd', 'ce1a9k8b', '55lbj72e', 'h65g7bf2', 'pfc31r4o']
4005	['wmocjiwh', '3kde69wy', 'ec6ov0jw', 'uarsobci', 'g0cryapk']
4016	['9phgag8q', 'x14iywtr', 'rr87vhd0', '6uli512b', 'y0wu60n4']
4020	['konern28', '9a27s0zn', 'iepagac8', 'm4hwwhux', 'lbxg93hl']
4055	['p8ckcvyj', '0w905c2x', 'rc6cza9r', '58mdhe5v', '14tv9r5q']
4066	['szekvw7e', '6ctrrvi9', '9od5fthg', 'dcfqvp4p', '00ugdhvf']
4073	['io8mozoe', 'dmqk247e', '5eo7wfle', 'd60chk12', 'hqjphv5g']
4075	['v5beddu4', 'l63d9lyd', '9ixpj162', 'z1uz0awb', '9e6g15iw']
4077	['9jfclm9c', 'v5beddu4', 'us11gvdn', 'irx4pcsx', 'ef3qmfxk']
4081	['66obkrxp', 'j05hs577', 'y0wu60n4', '9anlwi27', 'qlfp54io']
4093	['v5beddu4', 'l63d9lyd', 'irx4pcsx', 'us11gvdn', '1475ms9x']
4099	['0oxo2awm', 'hgcsfxwo', '6a1fl65b', 't7xaqtgo', 'd1w8xqvo']
4153	['pxpo8jni', 'v0f5vxk0', 'ea2c1l2q', '357sbvyt', 'pvrh2mqa']
4169	['rm6av6sj', 'uv5jctnd', 'lcy7u1i6', 'q5ie1v0v', 'vz8eu3vc']
4177	['07a30kd9', '3h3ihfyq', 'r0osk17r', 'i6mdlf36', 'e5flh0af']
4186	['868txjrw', 'zaibt2fq', 'pq3n18ae', 'k30wvnx8', 'z4s7u17l']
4189	['ax3e82js', '0r580il2', 'r76tqrwz', 'd21lvneh', 'xvctmmzt']
4197	['gtp5daep', 'g4i4hkhz', '52cub1om', '2r0a357c', '089b1z4b']
4199	['io8mozoe', 'nc60nlq7', '5eo7wfle', '2tggadqm', 'deas7kr0']
4205	['zcwh1892', '18swtk61', 'ybcr7clp', 'loq68wfv', 'eomtjrgc']
4218	['t9hbbqay', 'v0zxdkla', '73b58lcm', '4p6fcy8f', 'm2z6k2va']
4220	['3c1fujrd', 'psk1lnff', 'ihgxtu8g', 'axa9cqk6', '3znsneqq']
4224	['qeqd4soe', 'sywxrxmf', 'y420tku1', 'h6f3500y', 'jz6o9gnb']
4230	['a5w7tbtp', 'ehmy9al1', 'lz6pbh45', 'lyhdeks1', 'uyy8zytj']
4241	['cwdtyr1v', 'j5b0f3uk', 'g266ttng', 'ajqbljai', '08xv22bc']
4254	['zrnxq5uq', '10lun7te', 'wknaotjt', '3ttyxjgi', 'ot1uz6vc']
4270	['53v1olqq', 'uazqkay9', 'olhgu24h', '9nicryzs', '9im9gqw6']
4271	['24u6q3ae', 'eflyypev', 'znswomwk', 'nln6pl3h', 'r1tl2hrk']
4276	['eyxag4xd', 'a0q61mpi', 'z86g8dzs', 'wn98fql3', 'ohkki0ke']
4294	['5t16srpn', 'p42w7vjf', 'bre2ijbb', 'ktm0akxd', '0z7ey1nm']
4299	['dgizpo1z', 'wmocjiwh', '3g8asqkb', '4p6fcy8f', 'jfeamjqu']
4303	['eszhtrze', 'a9prti0f', 'fety7g0q', '6hl55c60', '3sclz1lq']
4312	['vgffg4c1', 'ixvsemvw', 'bfmcqcq1', 'izlg8zu6', 'ris1h7o2']
4314	['h2lnqvsv', 'k4k3kcrh', '5u63aqo5', 'a9yo0htv', 'o4ri7t16']
4335	['klqji8gj', '227l4bzl', 'o5wugbzo', '8bjfoa9g', 'or30thq4']
4349	['eflwztji', '2jyp3ift', 'piev4id4', 'u7ao9dwx', 'cq6mivr9']
4376	['oud5ioks', 'z22g03v4', '26kx1b0h', 'ey34e59f', 'r3w90vg8']
4382	['0q79jqbo', 'dfhxcqr8', 'coh92gm3', 'opogstc5', 'yynwksqt']
4388	['dccymlie', 'soa71kwx', '8uxntauq', 'xd5uhah4', '9mmdtgc2']
4392	['iiafud87', '7tto4hr7', 'q6ho9pdk', '0ul6k6uw', 'gjo29e21']
4411	['k7vjqzx1', 'a8u31pkr', 'l8zfuhzk', 'ihler8r0', '9hpkmjvu']
4418	['gkf3wez8', '10dkpj5h', '3xvphg52', 'f5twvg9g', '5sfojk7y']
4423	['9b6cepf4', 'ls408b2b', 'ereh4ub8', 'osol7wdp', 'q6ho9pdk']
4449	['3ttyxjgi', 'e63j8gci', 'qdw86v8i', 'db8fl9d2', 'f96qs295']
4456	['a0q61mpi', '6pn9jwfn', '92z77upt', 'r58aohnu', 'ykfidmzv']
4459	['vprj63y2', 'cgnofutd', 'jwjualy2', '5kchpjx0', 's1jrb2tn']
4460	['f3mvdpq1', '121p2shq', 'li8kvzdh', 'od0y5ruh', 'udr22zf7']
4478	['y6ufb4l6', '1itor6ic', 'prqrsb3c', 'ub7ilx98', 'y9fqa20z']
4480	['tx2krngu', '2r0a357c', 'fsa9o8ve', 'zrg21jgx', 'ttvlddm2']
4496	['8bjfoa9g', '9v6f2274', 'y14lw5b2', '9qsqj91d', 'rpwmcqbg']
4497	['41yfx1ev', 'dksw5yzp', 'uaccs7k9', '7o7v0ewg', 'urj0nssb']
4498	['w1pv8dsg', 'cj267zcl', '4kfbs7j4', 'k4lqkqnx', 'k30wvnx8']
4506	['bf42staf', 'wdn5skh2', 'qh7biax3', 'w7wdq05u', 'poh3te9j']
4510	['gufhaylj', 'sqxdwu6j', 'cj82xu0w', 'jr92ou2e', 'xchvlphf']
4514	['94w1sbsb', 'nl1ud0rz', 'iw3wv973', 'di45k0dp', '2nj7rn4q']
4529	['v4ubd1l6', 'mom4y7cl', '21lbbcxy', 'lf6fprh0', 'b8c309hj']
4541	['6ulvk9hv', '46al6phc', '5s1uj2qi', 'nx9hi7lf', 'jjh1z5c6']
4544	['mpe2qs0h', '630w2rtn', '7xt894vr', 'joy8utv1', 'wx5zq7jt']
4561	['zue5hnal', '0cnjtxyq', 'z479u0e3', 'u8mu4yga', '9hpkmjvu']
4584	['z86g8dzs', '1s8jzzwg', '848jmwgc', 'olhgu24h', 'g17lp8ch']
4586	['9b6cepf4', 'qdw86v8i', '3ttyxjgi', '33wqmdnk', '2bpyvgv7']
4595	['pq85mvab', 'lt7qsxxh', 'yztfkwkc', '5xki1ulf', '1hlndwzk']
4610	['ibnudp1x', 'te5qq8nd', 'v3n2r4ia', 'gjustwrb', 'n0actmsc']
4626	['moe0bi1g', '39mfts0g', 'xsqgrd5l', 'q5wiqpcb', 'vrl9gtcp']
4640	['tmdsyzyt', 'mt61b7o7', 'ng193dnk', '4nuvdxjc', 'yfdcgilr']
4670	['vi1jl4po', 'edz3up3a', 'sgiuqs6z', 'tloczjn5', 'imheos0p']
4676	['yw81byd0', 'hb3wcm04', 'ickzzm6y', 'n4kke717', 'sgo76prc']
4696	['mi6bdisx', '4iuxm6z2', '7obhnmah', '9pei109o', 'avmfz0z7']
4697	['1s8jzzwg', '9hpkmjvu', 'x51jorbm', 'w1bx4a7v', 'f96qs295']
4706	['mgwx0u6x', '5vx2ylui', '7obhnmah', 'w0vjyycy', 'h26a3h5f']
4707	['mgwx0u6x', 'hu2lg6i7', 'avmfz0z7', 'dlwfu274', 'azgerpo8']
4708	['8iqs6jko', 'dxrltm25', 'w2c01295', 'w0ebmg16', 'mnjy6bq2']
4709	['el97nts9', 'vwrhypnl', 'hu2lg6i7', 'e8az2cw3', 'r8ykuwlg']
4717	['rr87vhd0', 'r0taoqsw', 'f5twvg9g', '9zco6ofx', 'bmgfoine']
4720	['eu2vjpw9', 'li8kvzdh', '8co5gwkz', 'wtb51big', 'jnz5by5w']
4724	['hkk23tqt', 'z92xqedn', '2uy0jjdh', 'aj885nl0', 'm80rklg5']
4726	['dmrtj9xl', 'n8j1iq8p', 'jxrex0g2', '6l3coibe', 'bdlhd5i1']
4730	['b9nsh19x', 'jr92ou2e', '5rdsn2mn', 'jtb71lfd', 'ovd98r01']
4767	['0yysikc1', 'l4y7v729', 'rpwmcqbg', 'jjh1z5c6', 'z86g8dzs']
4772	['ocfqb3a2', 'h6imcb1b', 'rxq2bgpp', '408m4t00', 'eazb8y8k']
4782	['a0q61mpi', 'ykfidmzv', 'iu4p5k0w', 'r58aohnu', 'z2z0hu49']
4785	['di4p48ax', 'bvzi49hy', 'c2a07zg0', 'xfcqbfse', 'zjujs11q']
4804	['zs6sjlyn', 'mgtxchud', '4bbngq0z', 'ylvgmdwh', 'byh09alo']
4809	['3cr97dii', '1vd4j3qc', 'mi6bdisx', '7f33cu6l', 'iw3wv973']
4814	['1m1hi735', 'wm6iem8d', 'wcq3qqt4', 's96beqsh', 'octtj2vf']
4822	['0emibwp3', 'q7mm4nwm', '5xon5yb4', 'ntxufeg5', 'zpqgz95r']
4853	['vvmb92wo', '1vcc1khg', '8iqs6jko', 'r58aohnu', 'w3ls1d7w']
4884	['ckswlo9o', 'nd5r4yt4', '8900eg64', '9l6yn8pe', '46je80h6']
4894	['ypls4zau', 'maxbdi99', 'qalficgu', '5a5a8ifz', 'vgk1sgcp']
4901	['szekvw7e', 'ok9o9tta', 'e7gq365q', 'cnfpsbuk', 'r0nmq9ne']
4928	['1itor6ic', 'zhg1hvsq', 'y6ufb4l6', 'prqrsb3c', 'v13kzr5y']
4955	['kl2766oe', 'ch4ouyvj', 'ibsktwj1', 'ybyk54ts', '2ax0z8r6']
4962	['9pn62o4p', 'm8xfza1d', 'lnzt3h1p', '4d6az41t', 'gfb11r1i']
5001	['zzyibdy7', 'kkbed30m', 'on6ss822', '0bczgiyy', '02u91ess']
5004	['1n2r829p', '7qpwux9w', 'f6l0hwyw', 'wi1slkpf', 'o3bp0837']
5008	['mx1d9qqg', '500ypv61', 'xjc0l0tv', '9ok153yl', 'zjujs11q']
5020	['5ifrkb75', '9th9mm7e', '7015mpuh', 'soz9p0yd', '376x58k1']
5022	['9s9ctu9i', 'jvood8ur', 'jp87rp44', '6nsoj5we', '3ss41iea']
5039	['zr4pw0e7', 'wubcq0xx', 'gjsrfmj4', 'qlejjw9s', 'uzry86hi']
5048	['a0q61mpi', 'ykfidmzv', '8iqs6jko', 'r58aohnu', 'usyduiti']
5055	['n040i865', '14he8n3u', 'ex6dyr77', '8hvve871', 'fc86sjec']
5069	['ypt4kt78', 'f60z8jo2', 'os0sslxc', 'v3kzly7z', 'su028g3j']
5082	['9b6cepf4', 'ls408b2b', '2tre0wat', 'zycgczqy', '4mx9t5td']
5084	['od5nnxvg', '5zn5mgi9', 'ykxr9q1j', 'jgq968f6', 'fxvro3wl']
5090	['tgrh7ap4', 'xmqdk2wz', 'efm6zj9r', '78qsuc5l', 'ho6qjkyr']
5097	['hduwjbtq', '1u38iqip', 'n2rec4i8', 'adhj5e5s', '4ij9t0t3']
5098	['xtraspw2', 'mnjy6bq2', 'h7ftu3ax', 'w3ls1d7w', '2gjo4oqn']
5101	['khymg0zr', 'cq5il80s', '33wqmdnk', 'sdsmy0bw', 'icgsbelo']
5107	['wzqdo1st', '0mwz8kwo', '80yu5aiv', '8b0bjxdt', 'f3mvdpq1']
5109	['ickzzm6y', 'ehszmbnc', 'd8vo0ncl', 'yw81byd0', '597wavq2']
5111	['7hporv6w', 'urv9o2f1', 'g4hlvnmq', 'ptd57hee', 'j4p46aiv']
5154	['ivy95jpw', 'jlkpeh4j', 'x8erq4pc', 'dgnddq80', '4ckob7b0']
5178	['0x3uihto', 'ojw27c8o', 'g1zce6p9', 'piuasuld', '9ss25ozo']
5184	['vu7bq4b2', 'dtja6m6w', '9hzbi2yi', 'pavd7sj3', 'otme0vmu']
5190	['7yias3rj', '78t2h7st', '660gckc7', 'z3ktkgyp', '5f5npz07']
5212	['l19nsvun', 'lnnsxwk2', 'jvo0nk3w', 'd7024aia', '29ph2eai']
5218	['jr92ou2e', '5rdsn2mn', 'uhtwkkk3', 'bns5eb1t', 'l07q84ni']
5240	['h65g7bf2', '304aayyq', 'zowgwnjq', 'vy21fxfd', 'pfc31r4o']
5242	['yn2aylru', 'soa71kwx', 'nkv6irr7', 'v1ei9im8', 'w3d33mq0']
5255	['py2ygpzt', 'an1wfsvk', 'y4rhmd8t', 'nksd3wuw', 'sz5fr79q']
5276	['bsiwkixj', 't13pehgc', 'i5h0gm3u', '5b1xsakf', 'bp2ilntr']
5298	['9b6cepf4', 'z86g8dzs', 'sijfzd2o', '9qsqj91d', 'gjtefdxb']
5303	['vwmjf326', 'w1azm2mc', 'd2xc1hew', 'a4kjk836', 'dfch7enk']
5311	['f6li7qil', '2qwv6wzq', 'k2zrdjyo', 'mo3y3mau', '74femexh']
5313	['h73m17lw', '32ua8wb6', '5ct9pio6', 'vjpf1fk6', 'l4y7v729']
5317	['2firaix6', '0z1gzsfh', 'jmnp0l2b', 'gsgbhqwl', '5g70w76j']
5320	['zue5hnal', '0cnjtxyq', 'cg6v3yma', 'lr20prun', 'umvrwgaw']
5323	['r58aohnu', '9qsqj91d', 'rpwmcqbg', 'yrowv62k', 'gjtefdxb']
5328	['t0iw2vod', 'h7ftu3ax', 'gjtefdxb', '9qsqj91d', 'fj6l76hq']
5333	['twlupt3x', '383i8p9j', 'ov5wzfra', 'cv6no7nw', 'qxqo23i9']
5366	['xtraspw2', '9pb2eqoa', '8je46886', 'z86g8dzs', '2rx84imv']
5399	['qeqd4soe', 'o43e6aid', 'zqzs6vtf', 'awfgfmx1', '14alhxc3']
5410	['qqwqmn2z', 'lldu8qv9', 'ntxr1ivx', 'lo4swmnc', 'e04rm758']
5430	['srfypn7j', 'w036x5gr', '3kng7qea', '4sq7t6hg', 'lzgwxshi']
5435	['zzf2i2k2', '9hzbi2yi', 'pavd7sj3', 'vu7bq4b2', 'ce9jujij']
5441	['a0q61mpi', 'ljpeq5aw', 'r58aohnu', '92z77upt', 'uyzalds2']
5446	['6pn9jwfn', 'w3kkizaq', '0mwz8kwo', 'soa71kwx', 'eu2vjpw9']
5455	['4hog76lx', '34eot3zh', 'qcxpmfmq', '626ch774', '8l5i1z27']
5460	['qcssljgq', '7pbrnn2g', '3jolt83r', '8hbll61z', '7nssge06']
5464	['cd81i918', 'uc316ncl', 'j0bu0upi', '39zvwm0s', 'pxo11hwp']
5480	['t3dzso36', 'ljlsvc9h', 'nt1e70dv', 'rb20ge7e', 'x73moqog']
5490	['2damkjcs', '27jytj4k', '45r3ccwe', 'yo815hnj', 'cht8xf0x']
5492	['ioclf03d', 'z94skip6', 'd7024aia', 'z77wg8j9', 'nl1ud0rz']
5497	['nxabdur3', 'lt7qsxxh', 'du8wmh6n', 'h1sura49', '1hlndwzk']
5506	['8fbsaocw', 'yn7e3do9', 'oa09sm44', '53vvp3j5', 'ihler8r0']
5512	['518rjfnc', 'm79zl7ka', 'yqx0xqz9', '0q79jqbo', 'uqpxs7et']
5515	['gtp5daep', 'x44oc1k6', 'ghabnnv0', 'tx2krngu', 'b1vlaly1']
5523	['6j9x3pn5', 'bgsbbszf', 'xokujzbl', '7yldl4ld', 'yvdaljz9']
5532	['tk0iwpnb', 'wt5qxe0j', 'tp7wthiv', '3z9ubx09', 'qh7biax3']
5535	['3m9yonqe', '1ov3eydq', 'm0598zrc', 'dqhdws5k', 'sygm6irl']
5623	['gg5c8v7d', 'uom5r1pf', '9g0lo2e9', 'zvmwubuk', 'l4zku2e9']
5648	['kee1crfe', 'feovbv3v', 'lxzmiehr', '4mp1iu55', 'icnjhhyy']
5663	['3znsneqq', 'a8065dca', 'tppfqvtf', 'ielatiaq', 'v7udqoi0']
5667	['296ilxyg', 'h2u5w4a8', 'mp1z0269', '7xb7hj9u', '73b58lcm']
5668	['f3eogz0n', 'iev55n7g', '2cwvga0k', '4d3efrsl', 'd6zrj60t']
5671	['leqluxpl', 'nz42wegs', 'xt696aq9', 'mzpzz8sr', 'f6l0hwyw']
5686	['7qxs79qy', 'ik4wen7l', 'j7vm8h9t', 'tb8k979g', 'x996e0cn']
5695	['3ttyxjgi', '9oejm9sc', 'qdw86v8i', 'vndj6f7w', 'e63j8gci']
5719	['9mvk86q6', 'uarsobci', '7pcnf2iv', 'ntra3jhs', '8acldtv2']
5748	['a0q61mpi', 'ykfidmzv', '8f83k2ce', '92z77upt', '8iqs6jko']
5762	['bpu3hpbn', 'dvi7pd4a', '7vsv726x', 'qsv2d6yc', 'a9yo0htv']
5764	['o5k6mqid', 'j58f1lwa', 't5sgguxr', 'iyi2fwhf', 'o7qibwzj']
5765	['t4os33em', '2qksxqmb', '45r6aieu', 'vl7eqzu4', 's2hp3sat']
5811	['dhd9e9bn', '1vcc1khg', '9ezhwvv9', 'fj6l76hq', '8iqs6jko']
5814	['zy48nad1', 'b8mx2wrg', 'msra1ghp', 'f64tksb4', 'pggf4wyo']
5817	['41yfx1ev', 'x44oc1k6', 'dksw5yzp', 'uarsobci', 'ju87prqm']
5825	['uhtwkkk3', 'hgvqjtfa', 'bshcsfxr', 'j5b0f3uk', 'o9vlrox4']
5830	['3u3i5myh', 'cfkeqgj3', 'cieh5gyp', 'x9lxyrgw', 'y1cazbqu']
5835	['y3fagw3t', 'nhy1ofwa', 'hn8pmcto', 'b2iit1ef', 'oxad3dae']
5847	['eztw9tx6', 'gw1pr7fw', 'oydib3p6', 'toy8i1lm', 'frr4vu0w']
5851	['v6qgjuas', 'fbtyz7tk', '2r0a357c', 's1jrb2tn', 'y4rhmd8t']
5858	['erygg5u2', 'n9zqc1gm', 'ueid1mma', 'n0uy6hd2', 'xuqkhpn7']
5887	['f0t6n2j1', 'y3vhezw8', '6ajmuuld', 'r9yzx0pk', '4iuxm6z2']
5891	['knbngla3', '8bjfoa9g', '9v6f2274', 'nxihvig3', '9qsqj91d']
5893	['x6cozo6b', 'v13kzr5y', '7c77gm20', '1itor6ic', 'zu8dg7ma']
5899	['alc0jsh9', '50a2hncd', 'v1ei9im8', 'wr9ko6l5', 'ug088fmh']
5951	['lr20prun', 'ykfidmzv', 'a0q61mpi', 'leg5ntvu', 'k42xr256']
5954	['5gq0wqej', '14xuei7l', 'zjbclhj3', 'ticmj3x6', '0v55vvfd']
5955	['1s8jzzwg', 'h7ftu3ax', 'z86g8dzs', 'u8mu4yga', 'tra5ewc5']
5976	['io8mozoe', '4cy3er3y', 'tdxrx9se', 'wm6iem8d', 'njcrqfdr']
5986	['rb20ge7e', 't3dzso36', 'ljlsvc9h', '7xnga86x', 'nt1e70dv']
5999	['65n6p550', '6gqxf34l', '50frs197', 'tnkkas7x', 'b7llp5r7']
6011	['nc60nlq7', '609b8j39', 'zs78ndoa', '5eo7wfle', '0999t5x0']
6013	['bgiyvqgw', 'hb3wcm04', 'rjelshrp', 'k886vcj1', 'yw81byd0']
6018	['io8mozoe', 'dmqk247e', 'apg2n9sg', 'sdsmy0bw', '3wjmmr6i']
6030	['2fokjcjr', '9b6cepf4', 'ihler8r0', 'rcsohu4m', 'a0q61mpi']
6033	['trrg1mnw', 'soz9p0yd', 'fxwszm22', '33cmymur', 'qv1xdqau']
6048	['8lzpz58y', 'w50gorzr', 'ikon1ktb', 'fsl4veps', '3g8asqkb']
6050	['44hifagu', '5byvojjx', 'kkskmuw3', 'uhtwkkk3', 'ml8j19l7']
6051	['9ixpj162', 'cwdtyr1v', 'plzklj7c', 'umyojne2', '1fr7j93h']
6061	['sc40pmn4', 'l5xecp5p', 'nro623aa', '1iclw0nt', 'ilkhg3rf']
6073	['fj6l76hq', '6939kke1', 'dhd9e9bn', 'a0q61mpi', '1jpwtd4t']
6079	['zcmaqar2', 'xxu5e5t1', 'w0j0n8mn', 'fbm33qsm', 'pkimbhz9']
6088	['71x3b75z', '46c98cvm', 'qt5qv3zx', 'zaibt2fq', 'sbjwaj3y']
6092	['itvjhlnn', '25jq098w', 'o9vlrox4', 'q4tj5xus', '88vj8czi']
6104	['v06kyana', 'vqbs5ot5', 'gc9eg5j3', 'w4zab80p', 'ql9cfh1j']
6109	['cfbj6ize', 'xj1nw76b', 'bre2ijbb', '5c1e0770', 'z218oii3']
6117	['kq0cu73r', 'g99myvw1', '46r46ja3', 'gwaqh4dd', 'aj7rwpbn']
6129	['xtraspw2', '9pb2eqoa', 'z86g8dzs', '8je46886', 'w0ebmg16']
6139	['is9a77dk', 'ptnjbhtw', '93y40vnp', 'cqwvn9na', 'fai1kymu']
6143	['5jwuluy9', 'dsg0p37t', 'vnsag9fc', 'mfop9fne', 'ypmeh8y3']
6155	['y203109o', '7hporv6w', 't1ughb9b', 'mi6bdisx', 'q58dzxwc']
6169	['pi1yzeqg', 'c82i3u0j', 'vjpf1fk6', '2jfo2csi', 'x3f2z39c']
6179	['00xnsdt9', 'rtwr4a1w', 'oud5ioks', 'onjgfr4j', '675v58x8']
6202	['ihlkhh2d', 'lm73oj21', 'hert77y1', 'oa60fwht', '5q6cnfse']
6204	['kn9b4v8j', 'oaq5a5i3', '227l4bzl', '4bbngq0z', '8t2tic9n']
6222	['qkjieod9', 'h6dsjkvz', 'z2z0hu49', 'nx9hi7lf', '0cji7tzq']
6261	['m69ceq2t', '1daa6fte', 'a66sszp2', '2jfo2csi', 'ax3e82js']
6275	['t0l6mlm5', '6g4oclln', 'e6miaabh', '2md6g8np', 'ylojjfri']
6276	['81rxs247', 'svsib7yj', '9ei6ubx6', 'qu7ddcw9', 'mqyu72nc']
6279	['383sp7f5', 'yjibz8ie', 'nz5r48y1', 'ntra3jhs', 'd0tg9i90']
6292	['k30wvnx8', 'aizquh16', 'lgtpeqhw', 'z2jtzsl6', 'mf73oqp6']
6294	['xz7yzr2f', '1smu8yc3', '748c97u7', 'ym5my5st', 'dny9rgv9']
6296	['nblbacmn', 'xwz0470p', 'jbpocl1k', '8d6vcqr3', 'beb9lxvn']
6301	['xutbbxpr', 'p80ni69c', 'lfo6otkc', '9f5i6crg', '6o1h9uyl']
6304	['ec13mu0q', 'h6gdck2u', 'yl7g2vlq', '2sb905jt', '6e444g2z']
6317	['h4cu63cm', 'xe2a9x07', 'c0i45oix', '5gshj480', 'dt8h6a0v']
6325	['fasjkg7r', 'y7lrp0gc', 'lgnhlxgd', 'vge26qe9', 'dgnddq80']
6326	['607lsqlg', 'imivfkaj', '2rx84imv', 'knbngla3', 'mnjy6bq2']
6333	['2jfo2csi', 't3wjpagu', 'q6ho9pdk', 'crqqrtj9', 'ddpfox68']
6341	['u9nmqcgs', '9jlnker4', '6o7q57xl', 'cplyj4dm', '43eh69dx']
6345	['urv9o2f1', 'q77tr31d', 'lnxsblg3', 'gbgcfa2o', '7gj2cl8r']
6353	['1wui9gwa', 'nt1e70dv', 'ljlsvc9h', 'gw9hkw00', '7xnga86x']
6356	['qeqd4soe', 'sywxrxmf', 'y420tku1', 'jz6o9gnb', '0qy6hcgp']
6379	['qeqd4soe', '14alhxc3', 'cntmsia6', '66j24qm4', 'tq2vdo88']
6394	['72jwlfqr', 'hcwuv519', 'lxdcelk1', 'b9jcuwu5', 'vw9jd88a']
6396	['itvjhlnn', 'e8feupei', 'vccct6hq', 'tij7lakb', 'ng193dnk']
6417	['5esyjt0l', '2nthllnv', 'gg2swy7i', '6ti9w1pn', 'hhq50mrc']
6418	['nmh6luou', 'c6svgwoj', 'fp81ceeu', 'sazglyaz', 'wxxi37v9']
6445	['6o7q57xl', 'ihler8r0', 'm5udbs4f', 'gtp5daep', '1qvkl05s']
6455	['zp93k874', 'xe2a9x07', 'gxvaric3', 'zqqp22y7', '1k1fhb1s']
6467	['m46vdpv6', 'y1gt6bfu', 'yb9uyov3', 'yg0ovmu5', 'ga5z3via']
6492	['k3mz6lf1', 'zbkx78mm', 'p3ytwqeg', 'cc23zega', 'otme0vmu']
6525	['6r1hy34r', '4j8efxsw', 'octtj2vf', 'ys7vovie', 'ql1nx1l1']
6533	['ajzl3y46', 'wcyqks52', 'hhq50mrc', 'eahv0nxf', 'ymv5uhxv']
6540	['sgj526ne', '9colibhs', 'omk29wlq', 'v77n1vbf', 'tve01g7i']
6545	['lz8b60ew', '7xt894vr', 'roi3lta6', 'r0nmq9ne', 'hpr8rt9n']
6551	['mgtxchud', 'r0pzpont', 'fsid4a39', 'ad17mwtj', 'n0uy6hd2']
6576	['1s8jzzwg', '9qsqj91d', 'hqapg5ow', 'w2c01295', '8je46886']
6612	['61ltmgyx', '9a27s0zn', 'vqbs5ot5', 'vszlmtf4', '2y0sfjv4']
6623	['uxxrljse', '86hpivc6', 'zzf2i2k2', 'b80todl7', 'ce9jujij']
6625	['78d7vub4', 'xhazsa7r', '3u3i5myh', 't9hbbqay', '5nue46dm']
6637	['q10pvwf5', 's1kxxx1v', 'wszd7pq4', 'uk0hlynp', 'tmwt9yd6']
6681	['xtraspw2', '8je46886', 'z86g8dzs', 'w3ls1d7w', 'h7ftu3ax']
6685	['1wui9gwa', '9gn4jcu9', 'bog804k9', '6entp07f', '4vkkaqhz']
6707	['8jhwamfv', 'ozj6zju8', 'wtb51big', 'mio282vy', '8co5gwkz']
6720	['vzdu9jwn', 'tp6co59t', 'blqukxw1', '6wsa54w2', '9qo95a1c']
6738	['u0jddsup', 'oyr4klqk', '5dgggmv6', 'oud5ioks', 'tgstsac6']
6747	['cq5il80s', 'k8wb51i7', 'khymg0zr', '33wqmdnk', 'icgsbelo']
6749	['cfbj6ize', 'pq6c0zia', 'xj1nw76b', 'z68tl88x', 'zkhdjct7']
6765	['s2hp3sat', '848jmwgc', '4p6fcy8f', '5zn5mgi9', 'pc2cnhjd']
6766	['incbwgua', 'dqlwamhq', 'b88nilfd', '9gn4jcu9', 'bnkggl84']
6773	['4p6fcy8f', 's2hp3sat', 'ykxr9q1j', 'oywhabcd', 'fxvro3wl']
6774	['4p6fcy8f', 'zc10b6j5', 'olhgu24h', '1y1ik2u9', 'be4afbyo']
6778	['dsfbmhbj', '1k0qpuys', '9ok153yl', 'ct4licep', 'd19v8qca']
6805	['ot1uz6vc', '98ejxivc', 'gepjgw23', 'mb6twucg', 'tyqeguyf']
6816	['ml27mexb', 'jz6o9gnb', 'cqi3r0xz', '7th3d6wk', 'trmwm9qq']
6822	['02p4et0u', '08mfxvql', 'cj3cpn5j', '5g02ykhi', 'b0wy5zz4']
6829	['0gjzpef1', '8gogju5n', '7a8ym7uj', '5gq0wqej', 'lm2qoahq']
6833	['vprj63y2', '8cviwmi5', 'od0y5ruh', 'vwrhypnl', 'wdvuweiq']
6854	['t5sgguxr', 'lkb09vs8', '8uomx7hu', '4ifng0a6', 'ohuw75ii']
6855	['0zphhxxh', '7gj2cl8r', '8tauux2o', 'fmm5s0vo', 'dgizpo1z']
6858	['9b6cepf4', '2bpyvgv7', 'ereh4ub8', '4mx9t5td', '7ruoysxu']
6864	['14he8n3u', 't8jlihgm', '9zg8q0gk', 'uj0k84vk', 'i5j4nmjz']
6866	['u95kg3m0', '0b1dbz6q', 'nles7ymd', '9dnj4ppj', 'fw211spn']
6868	['vge26qe9', 'r1tl2hrk', '05djnz4p', 'ngywgodg', '45qyz490']
6874	['1adt71pk', 'h82s5xst', '550ik6bk', '0neg0ffq', 'yuv6w9nt']
6881	['7p68se56', 'x60fkihk', '1wui9gwa', 'wbw7gbfv', 'dp274ls4']
6890	['5zzlhyga', 'zh8wzza5', '1o5y5zma', 'u7ao9dwx', 'xmiefdez']
6896	['1s8jzzwg', '9hpkmjvu', 'u8mu4yga', 'l8zfuhzk', 'f96qs295']
6897	['3ttyxjgi', '5vodag6c', 'e63j8gci', '2bpyvgv7', 'qdw86v8i']
6900	['3ttyxjgi', 'qdw86v8i', 'e63j8gci', 't0iw2vod', '5vodag6c']
6901	['33wqmdnk', 'cq5il80s', 'k8wb51i7', 'khymg0zr', 'icgsbelo']
6962	['sywxrxmf', 's2bpha8l', 'jz6o9gnb', 'boqygpow', 'h85c49cv']
6971	['9hpkmjvu', 'zue5hnal', '5z0xwlxp', '763v4duh', 'f96qs295']
6983	['xr70oiv3', 'cdltu9vs', 'uarsobci', 'wknaotjt', 'evf9nz05']
6992	['f3mvdpq1', 'ngpl6xs1', 'yx0u0iyw', '5ogges89', '7pqy0ejn']
6995	['ohvh8vga', 'w19e5ayb', '9lwtmn6c', 'n5ogyxz7', 'm847xdzk']
7001	['yx0u0iyw', 'f3mvdpq1', 'ngpl6xs1', 'lnxsblg3', '5zhjn3u2']
7002	['9195zweg', '9k6uqs2q', '8so80bf9', '6xlk1n4e', 'n1q1wr9s']
7007	['dsfbmhbj', '2my9o9fy', 'awxo0osz', 'xvpn9dvf', 'rpa2v44v']
7008	['9195zweg', 'g1o4t8ps', '25jq098w', 'fdkt6moe', '71ixs3y4']
7030	['0njpdbv5', 'qfrenkb6', 'xi20pdvy', '5oy0q6ca', 'cpp2l8n5']
7032	['t4y1ylb3', 'p6k449j5', 'v3kzly7z', 'ec13mu0q', 'bmt2zpmv']
7036	['vp78d808', 'qalficgu', '8dh4xvph', 'hbyxy4ln', 'pa81t00f']
7039	['0o3wjvpx', 'q9bwvh0t', 'z6sjfdb9', 't3qn61pn', 'g15tvzn4']
7049	['vrate482', 'asdcpvhx', 'esmkqtvw', '1npav6m4', '8ko2lc1b']
7056	['1na6yp9b', 'n2t35wgn', 'jcueu1xh', 'le6d2l5i', 'v0f5vxk0']
7070	['ljlsvc9h', 't3dzso36', 'rb20ge7e', '7xnga86x', 'x73moqog']
7109	['eywnnzxe', 'byw8jsqv', 'wdj7o7kn', '11xjl53c', 'f2ypnls4']
7113	['suw0h7s3', 'vw9jd88a', 'ft4f28qp', '11d18w9y', 'x84su3ki']
7130	['hn6clwoj', 'xshqu7qm', 'd6a6nagk', 'xii14gan', 'cq5z8lqu']
7135	['uohbxoeb', '675v58x8', 'pa000mr8', 'a40yhtqk', '0bh8i14e']
7142	['0bh8i14e', 'uohbxoeb', 'xm1000xv', 'pa000mr8', 'cqv2cv9r']
7147	['uohbxoeb', 'pa000mr8', '0bh8i14e', '675v58x8', 'y9urkfnt']
7152	['uohbxoeb', 'm69ceq2t', '0bh8i14e', 'gunn55f9', '4ffyrw1k']
7156	['uuy94dwa', 'fw7yp9jv', '2fsjqsiz', 'gbrf7fh7', 'v6qgjuas']
7170	['74femexh', '2qwv6wzq', 'dlwwcryb', '2rcngljf', 'nyvmlxqf']
7172	['721ofhsv', 'd6mt6nze', '1vyfy7i0', 'otcxz4kk', 'dtbmznld']
7178	['5o0ihd3f', 'qp8jxcdl', 'h5fvf5ja', 'unbx6od5', 'qd73h1ie']
7179	['ivy95jpw', 'x8erq4pc', 'kfn2q7wt', 'v06kyana', '4ckob7b0']
7188	['7f5nywod', 'yadb7gwj', '2aslzgdk', 'i6mdlf36', 'm4hwwhux']
7190	['qeqd4soe', 'sywxrxmf', 'y420tku1', 'h6f3500y', 'jz6o9gnb']
7198	['rpjg4a9i', '53ts46vr', 'uqeikj0m', '6ukt0gbn', 'z1y1zgo8']
7199	['k457kqlo', 'z1y1zgo8', 'go5a3i4c', '7xx57cwo', 'rc5d6wi3']
7200	['88ivkkaw', 'c2mpraux', 'wpu6vkj3', '5ik10en4', 'bbs7zocu']
7205	['vmijl5yu', 'blqukxw1', '8j3bb6zx', 'z795y51f', '1bqohjst']
7208	['etriddkx', 'vpqwkmlv', '8f1k9g93', 'zqg1r6c8', 'uxxrljse']
7212	['ixhaq0az', 'y8p78ep2', '9im9gqw6', 't3dzso36', 't1ho5c9h']
7224	['ksqxfx8m', '4kgnx00l', 'ce9jq0hq', 'hjmjav50', 'g2j4uqem']
7232	['55gugbs8', 'd60chk12', 'ptn9ntoq', 'bvzi49hy', 'u3832seg']
7235	['6pn9jwfn', 'hp4hmooy', 'soa71kwx', 'ftxgcgkb', '5nyc1cn5']
7236	['6ovv79ia', 'b9vm3x3w', '25bdifv6', 'r1m709hb', 'm39qdgey']
7240	['vprj63y2', '3qvh482o', '46al6phc', 'kmkeetl3', 'yr69ctrj']
7242	['6ovv79ia', 'tc6btsdu', 'dm6pznm2', '3vrg7zyc', 'bakwk4tm']
7247	['6ovv79ia', 'dm6pznm2', 'cpbm60ep', 'v8m7cszi', 'eo1uz3g2']
7264	['vryngrq8', 'cfkh0ypy', 'lxqsc60e', 's9lkvzpo', 'a0rvtsog']
7265	['9hzbi2yi', 'otme0vmu', 'vu7bq4b2', '4yp4beuh', 'dtja6m6w']
7297	['ykfidmzv', 'utak6i4e', 'icz0wnfb', 'yy8mbw1a', '0n07fow0']
7310	['zmk8bbcd', 'dwcu6vyp', 'utgnwox8', '6e0yre69', 'h29zzmla']
7328	['78d7vub4', 'fu685z9a', '3u3i5myh', '5nue46dm', '9kfs73sr']
7333	['54aruvbf', 'k2qertx2', '34b511wf', 'bkiobjex', '4et61my3']
7346	['dsfbmhbj', '2my9o9fy', 'juofmvz2', 'jk0ju2eb', 'awxo0osz']
7347	['xthxesgk', 'icse3cz8', 'p91dk324', 'b1s3ubm1', '1daa6fte']
7357	['te5qq8nd', '97msfh4l', 'jtb71lfd', 'irgnrr0j', '68x50rni']
7358	['eywnnzxe', 'tzp03hmr', '73oe5as9', 'm8xfza1d', 'yhk50383']
7388	['cj6o6ady', 'msg9j0lb', 'p7cbnrji', '50dmclk4', 'dsz66r4u']
7391	['kfn2q7wt', '0fpa1f30', 'i8byjktt', 'e1macqqm', 'iqr3zzqz']
7423	['08xv22bc', 'ywusapij', '7np944lw', '2jfo2csi', 'dwtauu7f']
7425	['mx924s06', 'd9rd5392', 'p485vc0h', '2p3l08n7', '01h205jf']
7432	['yw81byd0', 'ickzzm6y', 'hb3wcm04', '29z4q4fs', 'n6lwnct5']
7445	['q1nye2ih', '6j45mmjh', 'mhbwjwrg', 'gtp01rna', '6a728le9']
7448	['wwjeu8ie', 'b5yrfllu', '26kx1b0h', 'z1wwlea2', '95zrth5d']
7459	['ljpeq5aw', 'p36ilfqj', '38paoyuc', 'uyzalds2', '9iomlhpv']
7466	['9kk8pevp', '0w9k8iy1', 'qbj8n8h6', 'b68c8qwm', 'hzbtd39j']
7467	['9195zweg', '3a5965df', 'f33cgrp4', '8so80bf9', 'n1q1wr9s']
7478	['5jwuluy9', 'gln6e0t4', 'h35we3mn', 'l19nsvun', 'nln6pl3h']
7484	['82afil03', 'lf6fprh0', '2uy0jjdh', '10l6kx3e', 'dogie34u']
7489	['jo724gaw', 'ynwc739g', '7wu8bfo4', '4iifpqgx', '6hl55c60']
7495	['1s8jzzwg', '9hpkmjvu', 'u8mu4yga', 'hqapg5ow', 'sxi0tpsf']
7497	['vj5ahoi2', 'n7kbk9id', 'vccct6hq', '86xwnpde', 'ra28885e']
7498	['b0k91b91', '0jvoa3ui', 'tffhk1hy', 'xzps65et', 'cv7tb3u1']
7509	['16qdfits', 'emg87q94', 'okabnt0t', 'm0zvo2tq', 's7wykoze']
7514	['vgmzb03s', 'kuu5m37h', 'jblmnx8j', 'gufhaylj', 'c0c60pyi']
7519	['g266ttng', 'owbv8ua4', '7mcfehzc', 'l00jvzth', 'dcx6cv2q']
7528	['6gb1za5h', 'wqri0z4p', 'buswbfd5', '2ddaulby', '5hhbdzam']
7529	['3u3i5myh', 'unhrmzn5', 'z6elaxpc', 'e56ivoz7', 'a4klrp3h']
7530	['3u3i5myh', 'ijzoa0yn', 'unhrmzn5', 'a4klrp3h', 'z6elaxpc']
7533	['svl5ks44', 'me4v1qyr', '5tpkcd5z', '1v8xf5uy', 'ocl5qf9o']
7539	['dsfbmhbj', '7hporv6w', 'ynskrokg', '6crputzl', 'td2rr1pf']
7558	['tra5ewc5', 'lr20prun', '1s8jzzwg', 'i1yf8fgk', 'zycgczqy']
7561	['g4nceu64', 'axd0s9cg', 'n119a7fx', 'cf3l8uzq', 'b6yfgc8t']
7590	['wp3rwdum', 'opogstc5', 'msut5gyc', '8co5gwkz', 'iu2frsec']
7596	['g9pwxfd2', '19i9lknr', 'uto9q6s2', 'qlwergum', 'bsypo08l']
7624	['9colibhs', 'sgj526ne', '1smu8yc3', 'vp2t4xkn', 'wm3l1849']
7627	['v6w9mlsa', 'uru7bkr4', 'kmuwb9ia', 'xsk68m5f', 'f3mvdpq1']
7628	['rvny2khn', '1e8cy2j7', 'srmmmyll', 'h5xvrtfy', 'hlv5zb0s']
7629	['ewm8j8hg', 'ulmyc9su', 'sa4ms55e', '0oeft8u8', 'w0j0n8mn']
7636	['8iqs6jko', 'a0q61mpi', '7ruoysxu', 'ykfidmzv', 'xtmn1n0r']
7682	['urv9o2f1', '75cnqi4v', 'hxpqexi1', 'ws3tfs1j', 'hgvqjtfa']
7683	['gtp5daep', '2r0a357c', '1itor6ic', 'zhg1hvsq', 'v13kzr5y']
7685	['oxtvcoi9', 'cqsga44v', '3jolt83r', 'e5v9e584', 'i99lqr0p']
7689	['75cnqi4v', 'urv9o2f1', 'hws1e4tv', 'e8az2cw3', '7hporv6w']
7701	['4kfbs7j4', 'vzloj6b3', 'nfem3htm', 'k30wvnx8', 'rm0zbgfm']
7713	['b9uc5gpv', 'rvfxcqvu', '5chxk43x', '6dbhm82t', '8796x4ne']
7721	['ax3e82js', 'jz6o9gnb', 'ultl3rpu', 'r76tqrwz', 'd21lvneh']
7756	['wbsl6n67', 'cfkeqgj3', 'tn8houmc', 'pvrp8u8n', '3u3i5myh']
7759	['olhgu24h', 'w0ebmg16', 'c59vfq1o', 'g17lp8ch', 'wdvuweiq']
7761	['kfohrmhl', 'syv1rrte', 'heegb7pp', 'cviheaos', '7klqhnr2']
7772	['kwqdyhn6', 'aktcrflj', 'lsokxqde', 'ler0t9o0', 'wfc2psyz']
7778	['w3ls1d7w', 'gin90aef', '4mx9t5td', 'h7ftu3ax', 'xtraspw2']
7789	['z2z0hu49', 'rr87vhd0', '3jn7tdaj', 'fq9wx29o', 'eq5qqshb']
7801	['z2z0hu49', '1ihib857', 'd2s3170w', 'eq5qqshb', 'zew4tzy7']
7814	['f07go7nh', 'osol7wdp', 'p91vvukr', 'hws1e4tv', 'nrl6jkpc']
7819	['d26v1k1y', '9pp81nw7', 'wcyqks52', 'efajumk6', 'zonv6csa']
7831	['jzu70l93', 'q6svfacf', 'csflacrq', 't59eq1wh', 'mvm1t0y7']
7835	['44flnf9t', 'v6jjzs7i', '9lu2stp4', 'yx3j6373', 'd5w0ecuy']
7836	['0jvoa3ui', '2la3hkzv', 'k30wx94s', 'mny2mtef', 'lsrpk3wc']
7867	['cfi5zhgu', 'gorp9n1g', 'ozj6zju8', 'zmk8bbcd', 'h1mo3bs8']
7872	['ddpfox68', '0uoiifs4', 'emg87q94', 'njgbom98', 'l0b99hye']
7894	['vbayngh0', 'tafg1xoo', 'wku1sd9k', 'xl3519jo', 'l19nsvun']
7895	['qfq1nfcn', 'y2zcwcic', 'b9uc5gpv', 'ls408b2b', 't4os33em']
7896	['uarsobci', 'ngbnnpni', 'uto9q6s2', 'nl1ud0rz', '72f64kpf']
7897	['828eqxla', 'wqicq5ry', 'cmp1bvhd', 'h4otzeah', 'i4p0n7d6']
7939	['l0l2ev29', 'icnjhhyy', '7vh7d3p4', 'nah1utm8', 'yw8a1ssd']
7963	['hn6clwoj', '8zm7n7j9', '8hbll61z', 'o476dtgd', 'mo1bj909']
7965	['grx4gx95', 'ilt03dfk', '2scp98u0', '1lggbkly', 'm26xr9qr']
7968	['tra5ewc5', 'zycgczqy', 'zue5hnal', 'pu12u627', 'lr20prun']
7983	['w45ih46q', 'ey34e59f', '6oicmeam', 'w750idb5', 'rfbihylo']
7986	['9anlwi27', '630w2rtn', '87v7i620', 'a0dvzhc8', 'euyvqz2q']
7991	['7cbxp6q5', 'njcrqfdr', 'ovuh3qoh', '53x6do07', 'vrttjv2b']
7994	['gtp5daep', '4cy3er3y', 'v0f5vxk0', 'pxpo8jni', '2r0a357c']
8012	['qtzhfnr6', 'gqwwfpch', '1lggbkly', 'tmonjdrp', 'c6lilxk3']
8044	['u20e82de', 'eipscagh', '3xpfjy1z', '3sqy16rs', 'zkdk2v5e']
8046	['45r6aieu', '1vcc1khg', 'vl7eqzu4', 's2hp3sat', 's7wykoze']
8047	['v72mveyu', 'u20e82de', 'eipscagh', '3xpfjy1z', 'ebfhlpcg']
8055	['ywvk6gu6', 'c9sidpy9', '5t4twnpm', '9wvlt53w', '9az7i7bk']
8069	['lht6lhry', 'q9d54z1s', 'rh724opa', 'bpnqz1cn', '6teavsk5']
8070	['2btgsuz0', 'eeev3k9x', '8i9xwogu', 'ny6zepe9', '6aku7ghk']
8095	['qh6rif48', 'fiicxnty', 'ierqfgo5', 'ybwwmyqy', 'nlv939ft']
8142	['i94boetk', 'vaeh5z4z', 's96b0s76', 'kek9i9zd', 'fq1am5na']
8144	['i94boetk', 'wq4jsc4x', 's96b0s76', 'b6ki6rmn', 'fq1am5na']
8179	['9195zweg', 'n1q1wr9s', '3a5965df', '9k6uqs2q', '8so80bf9']
8191	['t2gxkxxd', 'hdk02l2r', 'qh6rif48', 'ixvsemvw', 'aceu86at']
8223	['0ogmwreb', 'ue58uvot', '8vnsrvws', '52x62y5l', 'hws1e4tv']
8239	['gkf3wez8', '10dkpj5h', '3xvphg52', '2f9vpqej', '5sfojk7y']
8247	['ihlkhh2d', '5q6cnfse', 'j5erjttt', 'oa60fwht', '3udfl0a2']
8249	['ybwwmyqy', 'sxx3yid9', 'ouvq2wpq', 'i6zofi4g', 'k10wpya8']
8250	['uarsobci', '0j4ind0z', '2veblo5v', 'i6u1x0xq', 'imte5ong']
8270	['56u8u50l', 'itvjhlnn', 'ftq6ed38', '5vp2r2bd', 'p0n2ys3m']
8281	['jn68rbvb', 'lzddnb8j', 'gzhc0x44', 'sxx3yid9', '0qnvydux']
8293	['jcq5omdq', '250glj07', 'ac9n08nx', 'rf7k079r', '1jpwtd4t']
8309	['g3hujz5o', 'h8x5cpz4', 'uarsobci', 'qiphsrjz', 'cvoef8qt']
8311	['m69ceq2t', '4rzogopt', 'lht6lhry', 'xj02160p', 'q9d54z1s']
8314	['onjgfr4j', 'uohbxoeb', '0bh8i14e', 'a40yhtqk', '2l883zhe']
8315	['feovbv3v', 'kee1crfe', '4mp1iu55', 'icnjhhyy', '21lbbcxy']
8316	['f3mvdpq1', 'yzn6jibu', 'j23pvlj9', 'zue5hnal', '0cnjtxyq']
8321	['ba5h6uhu', 'zcnr1e2f', '7xt894vr', 'jhge9qy5', 'zcxxk9hd']
8350	['tdxrx9se', 'io8mozoe', 'xbqbwh9j', '84sgz59h', '8p0j9nvq']
8361	['nzc9essr', 'ndcg3o7a', 'dfhxcqr8', 'vrrlub35', 'y8boml8i']
8369	['9ixpj162', 'v5beddu4', 'xzuynia2', 'cwdtyr1v', 'ucea0r2u']
8381	['ay69e8ad', 'tbs3b4ww', '95wclabe', 'tf181d85', 'tx2krngu']
8388	['m4hwwhux', 'x88qugn9', '7gqkyq1j', '74fh51hd', 'rlpzejjt']
8392	['039k70vs', 'gc9eg5j3', '089b1z4b', 'ixnko86u', '4mjg7jul']
8410	['qibt88f7', 'd3pxk5tr', 'ydv0hc0m', '4mfgqqhn', '4zelg0m1']
8434	['9nyfz7s2', 'w74mx03c', 'qqdcs77q', 'xzmzdq52', '39zvwm0s']
8439	['m2bmp8s8', 'b31ctbat', 'h61b3bsm', 'yamabj5e', 'un1wozy8']
8440	['s245n3qw', 'n5kgdoln', 'y0mbzzx0', 'h7n8w2k4', 'iur7s6vz']
8443	['h4cu63cm', 'a503cf2x', 'gcv4lmsr', 'dt8h6a0v', 'c0i45oix']
8444	['h4cu63cm', 'c0i45oix', '5dgggmv6', '0oxo2awm', 'ooy5nf1d']
8446	['h4cu63cm', 'dt8h6a0v', 'glxt2q6f', 'c0i45oix', 'joy8utv1']
8447	['h4cu63cm', '8hbll61z', 'hn6clwoj', 'c0i45oix', 'ooy5nf1d']
8449	['h4cu63cm', 'c0i45oix', 'ooy5nf1d', 'dt8h6a0v', 'joy8utv1']
8451	['h4cu63cm', 'c0i45oix', 'ooy5nf1d', 'joy8utv1', 'dt8h6a0v']
8453	['h4cu63cm', 'dt8h6a0v', 'c0i45oix', 'glxt2q6f', 'a503cf2x']
8459	['h4cu63cm', 'c0i45oix', 'dt8h6a0v', '0oxo2awm', 'joy8utv1']
8467	['vdup9q7v', 'otcxz4kk', '6hoi1u8p', 'ataabyg3', '6p0j6rsa']
8470	['h4cu63cm', 'c0i45oix', '8ljnxihr', 'u0jddsup', '679ds029']
8479	['gv8mngz9', 'ywusapij', 'ef3qmfxk', 'jcqce7jo', '896uzyvv']
8483	['iu6epm2i', 'nbqukjzv', '4unn3fmu', 'wk3fh9ke', 'ysf5k0ky']
8498	['tra5ewc5', '9mn6trtn', 'vkf5njfz', 'h3tor88n', 'pu12u627']
8505	['rb20ge7e', '3o91v72a', 'hz5vigp0', '8mxj44n3', '0rlotyz3']
8508	['ii0ceksc', 'ofgv3p8y', '88ivkkaw', 'h85c49cv', '94w1sbsb']
8511	['vwrhypnl', 'xkqajjgw', '8xgp6nhy', 'fypodr9a', 'ga1fks7l']
8516	['suw0h7s3', 'a7eabvvo', 't5sgguxr', 'pw51kd1r', 'y89e2dju']
8518	['wb1apvn2', '2ccxiqea', 'lorpo8uk', '32z7b3fp', 'znpc5jq2']
8519	['rb20ge7e', 't3dzso36', 'ljlsvc9h', '7xnga86x', 'nt1e70dv']
8520	['6rpm4phy', '2erwhb66', '0ho4f5wg', 'djev6er7', 'mo7oq5t8']
8523	['apg2n9sg', 'y442ugst', 'vkbsxz7r', 'io8mozoe', 'jcueu1xh']
8529	['9oejm9sc', '3ttyxjgi', 'octtj2vf', 'db8fl9d2', 'w0ebmg16']
8533	['gtp5daep', 'b9b6ww9q', 'ghabnnv0', 'dngs5tbw', 'pxpo8jni']
8548	['nr0fu2qb', '9mn6trtn', 'tra5ewc5', 'r9di7ndv', 's2hp3sat']
8550	['60en5zy7', 'd2pzezq8', 'fe14iohb', '8g70j0qw', 'dnm7s947']
8556	['icnjhhyy', '6eivv0d9', 'kee1crfe', '4mp1iu55', '3v240tcz']
8587	['y42gcbj0', 'sfr2nsmi', '9getsuci', 'h5xvrtfy', 'phl4mmpt']
8595	['jo38hjqa', 'y2zcwcic', '5c8im9ci', 'r2hovw0y', 'ereh4ub8']
8605	['hvy73er8', 'w3jyovd2', 'e6ccoc21', '5ngmdwgb', 'mlozjg9h']
8614	['h7vqmlq9', '3o5c0l24', 'qb1f03hz', 'z94005i4', 'x8erq4pc']
8630	['n1ysi7qc', 'dztaijzu', '1r9975o8', 'w3kkizaq', '95e1kuux']
8646	['x9rv72dl', 'u479i1y8', 'rwi2rlwt', 'ddpfox68', 'w3q41awj']
8665	['73jex4zg', '5hhbdzam', 'yremzay9', 'b03s7wsw', 'ckx6wxxk']
8669	['ir874dkj', 'u8mu4yga', 'h7ftu3ax', 'ef3warsh', '9qsqj91d']
8678	['qgxo9cr7', '4fgeb27a', 'liip39ku', 'cmc02ybp', 'ihgxtu8g']
8679	['35xqlryc', 'z94005i4', '2zbm4iwn', 'vkf5njfz', '5zzlhyga']
8683	['ksqxfx8m', 'otme0vmu', 'p3ytwqeg', 'hjmjav50', 'n0zppf8v']
8685	['hygxwl2f', 'jdg8gsve', 't4custhp', 'nf6n6afo', 'yi2m5ukw']
8695	['gi3vfi68', '33znyrn8', 'fbsrggog', 'f5twvg9g', 'nemkary2']
8708	['vw8a1994', 'znwa2kig', 'glyoiu93', '8pislcjr', 'd1pgjtjh']
8715	['jb455t9p', '38paoyuc', 'umvrwgaw', 'lyewg2c9', 'nr0fu2qb']
8717	['nr0fu2qb', '4mx9t5td', 'nv1w6juh', 's2hp3sat', '0imnd2q5']
8732	['u3ympejy', '5ah2yf59', 'wku1sd9k', 'sdg65ple', 'riltam7g']
8744	['9oejm9sc', 'vndj6f7w', 'zrnxq5uq', 'octtj2vf', '3jn7tdaj']
8746	['octtj2vf', 'ey0r1py7', 'wcq3qqt4', 'a0q61mpi', 'iu4p5k0w']
8770	['p36ilfqj', 'ljpeq5aw', 'uyzalds2', '2f09vauy', 'bdxzphjb']
8775	['zcwh1892', '18swtk61', 'ybcr7clp', 'h4sbz3md', 'eomtjrgc']
8777	['ruewzstg', 'yrhb6ktc', 'tn8houmc', 't4y1ylb3', 'sr9qxnu2']
8793	['vd1lldjj', 'mpeugvt9', '9im9gqw6', 'pp373xuc', 'apfimvix']
8800	['qh7biax3', 'toy8i1lm', 'f5twvg9g', '3w5ouagx', 'mlrq0rjf']
8814	['k30wx94s', 'y7lrp0gc', 'k30wvnx8', 'od0y5ruh', 'gdyntyxk']
8838	['0emibwp3', '1s8jzzwg', '3rxsplrl', 'j1o86xp9', 'vx1hjh26']
8840	['582ld85p', '7j5zmg8w', '7tye4psd', 'l7zlby4y', 'lnzt3h1p']
8862	['06yuz5pn', 'tzp03hmr', '3kjckx8o', 'b2fwktld', 'yhk50383']
8875	['d02grfth', 'whm2wkx2', 'ttytoz3v', 'xi3d70kq', 'pvsox183']
8882	['juxgkbwv', 'ov5wzfra', 'zz4cczuj', 't84pu00z', '2uy0jjdh']
8925	['xwghd9ut', '8m59whf9', 'u6tbu9jf', 'd8vo0ncl', 'td8uwcas']
8927	['2eo9woav', 'xwghd9ut', 'drgmqjbf', '8e9f9ssj', 't2np6qa5']
8943	['1vd4j3qc', 'n5c0hcwn', '3cr97dii', 'os0sslxc', 'kgggepu0']
8949	['u0jddsup', 'oyr4klqk', '5dgggmv6', 'oud5ioks', 'hn6clwoj']
8954	['6crputzl', 'd6a6nagk', 'd1w8xqvo', 'geo7ac5i', 'zdfx3zo3']
8961	['vtagfrds', 'h98tts7e', 'mx1d9qqg', 'g4hlvnmq', 'k7b8wj56']
8963	['ivy95jpw', 'mhj9o5z5', '5f95gve3', '2ejg2ngh', 'd6a6nagk']
8974	['cu56p0hw', 'qiphsrjz', 'm9hkfyff', 'xh1iw8gf', '089b1z4b']
8978	['06yuz5pn', 'qydo3yr9', 'tzdgc3dw', '8of3u2sc', '5zp3p2g3']
8996	['9jfclm9c', 'puozp4hy', 'v5beddu4', 'irx4pcsx', '9yl6lg4y']
9000	['r7s2ezb4', 'x6cozo6b', '96mcmf2g', 'yr69ctrj', 'r58aohnu']
9013	['rpjg4a9i', 'k457kqlo', 'r1wh54q1', 'awh8y9j8', 'dti9o5x3']
9018	['tz5jajeb', 'mwvcd5eo', 'v0frkv96', 'tg00bqhf', 'ybyk54ts']
9029	['6qai5sev', 'qibt88f7', 'l2i3aa3k', 'f4jx3b2q', 'rfv0omd6']
9035	['yynwksqt', 'mz1bof2x', 'mx1d9qqg', 'u10j114l', 'fedv6m9o']
9037	['cfd1x420', '79niee4r', '855atuue', '6ukt0gbn', 'c4ihkcyr']
9043	['6kbdxhxv', 'kkzahuz9', 'k3m72uxw', 'rlpzejjt', 'lme6vcqs']
9044	['f3mvdpq1', 'w0vjyycy', '7pqy0ejn', '05vmhjjp', 'hnx43l5c']
9051	['25aj8rj5', 'bk6ext3e', 'f33cgrp4', 'sqxdwu6j', 'hdk02l2r']
9059	['j46bet38', '8of3u2sc', '8d0zb0lw', 'noale9n1', 'w0i3oy97']
9061	['io8mozoe', 'nc60nlq7', '5eo7wfle', '2tggadqm', '6uli512b']
9062	['f3eogz0n', '2cwvga0k', 'xjl11qzh', 'wtqwghon', '3zmq7nd5']
9064	['fgj2lvbg', '3wjmmr6i', 'wgc0cqyw', 'm41w2007', 'hb3wcm04']
9076	['f37ezj1h', '5jjoko32', 'zweyxxg2', 'p2cbfzmp', 'r4fd5vp6']
9103	['gtp5daep', 'ghabnnv0', 'vjpf1fk6', 'emg87q94', 'd0tg9i90']
9105	['s6lev28f', 'w4m9agd0', 'an1wfsvk', 'tvfe29no', 'ko9irio2']
9119	['xmd8fh95', '3u3i5myh', '86auifl6', 'xokujzbl', 'gtp5daep']
9122	['uipe62sc', 'xxeyogwd', '1n0qw2a5', 'mpthhazv', 'lme6vcqs']
9128	['3u3i5myh', 'cfkeqgj3', 'cieh5gyp', 'y1cazbqu', 'x9lxyrgw']
9129	['lbkjxws4', '7oipjzq1', '55gugbs8', 'fypodr9a', 'ko42qlzr']
9163	['egn81atf', 'hygxwl2f', 'zzscey1f', 'jz3gnise', 't4custhp']
9164	['r4btmprw', 't3xd28ly', '78qsuc5l', 'yguqwc1l', 'xmqdk2wz']
9181	['o1xkgkn1', 'dqhdws5k', 'hb3wcm04', 'iu5ndsxn', 'jz6o9gnb']
9183	['od0y5ruh', '2hfkrl8m', 'mtq19xku', 'geo7ac5i', 'ccjzc1x0']
9210	['5vx2ylui', '3u3i5myh', 'a4klrp3h', 'qdmkx03t', 'zq4ty9rw']
9213	['o4ri7t16', 'dsvmh7t6', 'ph7lkuus', 'rog0fp93', 'k4k3kcrh']
9218	['tra5ewc5', 'ays0clih', 'bujh6goe', '05i5j6js', 'ejzy0jcn']
9222	['tra5ewc5', 'z86g8dzs', 'lr20prun', 'pu12u627', '1s8jzzwg']
9243	['nyvluckw', 'nbqukjzv', 'ofgv3p8y', 'lq1qndxg', 'a4klrp3h']
9257	['aaxhrecp', 'uyrg5bed', 'p1w0p6b3', 'f0wpsaip', 'jki3gdxl']
9260	['09q2so3j', 'tvg6q8cw', 'qj1v04cf', '9jfclm9c', 'xzps65et']
9272	['y6ufb4l6', 'ju87prqm', 'o0m20894', '8v9chk6j', 'fc86sjec']
9278	['uk6whrhz', 'x6sdpk6v', 'mtq19xku', 'v2tehu35', 'zvlt168l']
9287	['3bwqbe5n', 'gz84xy6q', '0emibwp3', '92ljfia5', '80dfqjql']
9292	['qkg8fwbp', '7yias3rj', 's44gtutu', '49q2xxkw', 'yjqt74q0']
9300	['0oq0xmzr', 'xy4m6x8d', '8zufbeuz', '7ec2jcoq', 'bv7hvc1e']
9323	['qibt88f7', '4jx0oq65', 'lyewg2c9', 'ib92zi1s', 't7a9edv3']
9347	['j0uojajt', '1vj9p7vm', 'g266ttng', '1ov3eydq', 'dt7hip0z']
9356	['34j9n40u', 'u7ao9dwx', '1k0xqhda', 'yuppix3r', 'tstx42h7']
9359	['gzk9xbzk', 'wr9ko6l5', 'di4p48ax', '1hfvmyfs', 'ickqi7iw']
9371	['axd0s9cg', 'tuqp3ngs', 'fo4ax1od', 'v2tehu35', 'g4nceu64']
9374	['u3ympejy', 'xl3519jo', 'pxpghfhq', 'y7s6qt6j', 'nbqukjzv']
9378	['5tdmh0ac', 'jgcv1wf3', '2yrgy2y2', 'zi0cedd9', '2aoyzj2b']
9417	['v77n1vbf', 'xmjj1s5s', 'eszhtrze', 'omk29wlq', 'a9prti0f']
9418	['d6a6nagk', 'sxoo9p8e', '6a1fl65b', 'd1w8xqvo', 'yt2fp8zl']
9432	['gtp01rna', '6j45mmjh', '6a728le9', 'qbj8n8h6', '1blzi9r3']
9450	['f5twvg9g', '25aj8rj5', 'soz9p0yd', 'kb3xi0fk', 'cgnofutd']
9454	['2wco7m0c', 'a58wr0dp', 'mopk56p5', 'fw211spn', '0b1dbz6q']
9472	['p71adezi', 'iyf3m4fs', 'm0zvo2tq', 'tnkkas7x', '752z66xr']
9481	['barindjx', 'prqrsb3c', '1itor6ic', 'zhg1hvsq', 'y6ufb4l6']
9483	['hnx43l5c', 'lcqxnrge', 'f3mvdpq1', 'p3ytwqeg', 'csby7etb']
9497	['0eftiyuw', 'd3530i86', 'y4rhmd8t', 'o5wugbzo', '6lsl7ahj']
9510	['f3swmk24', 'u8mu4yga', 'f80cfjrn', 'zue5hnal', '0cnjtxyq']
9512	['0cnjtxyq', 'u8mu4yga', 'z479u0e3', 'mcmqx7og', '9hpkmjvu']
9517	['ivy95jpw', 'sywxrxmf', 'hert77y1', 'x8erq4pc', '376x58k1']
9537	['m5udbs4f', '6wsa54w2', 'jjjgu3n0', 'ayxtpwfg', '0q79jqbo']
9546	['j4hnitqx', 'ysf5k0ky', 'hlv5zb0s', '0rftk787', '94k9cai0']
9589	['prqrsb3c', '4jjuwc9r', 'sdsmy0bw', 'xavegbty', 'v13kzr5y']
9590	['b9b6ww9q', '0mwz8kwo', 'mnjy6bq2', 'zjur5j95', 'xtraspw2']
9604	['clk482qk', 'sni1e160', '7o7v0ewg', 'rcrok8lr', 'q00ihic3']
9608	['nwb7qf9l', 'zueprmdz', 'kutc6ts0', 'yn2aylru', 'jjgfgqwg']
9614	['soa71kwx', '5zp3p2g3', 'coh92gm3', 'u3832seg', 'zj0yxy2z']
9624	['gkf3wez8', 'w5rk8luy', 'q0a6b8jy', 'pg69ww3a', 'wrl7buxr']
9630	['x4zuv4jo', '8zufbeuz', 'jzosdlu7', 'z1wwlea2', 'pxo11hwp']
9642	['1hobsclz', 'vpz3o29f', '98pujiph', 'hfc18le7', 't0s5ufzv']
9656	['6ndqgxy8', 'oc7koh6s', 'fiiyythk', '50dmclk4', '0fmufef2']
9664	['eia1mvaw', 'o25o8ejg', '1xywu83m', 'cnov06pg', 'zv351n3d']
9687	['l2ak5ygj', 'pxpghfhq', 'lavcsqov', '2md6g8np', 'nlsv8bin']
9691	['nbqne4wp', 'oe4bzale', '45r6aieu', 'vprj63y2', 'xuug2eyn']
9696	['ngbnnpni', 'mu2vqjnv', 'ulfz0b15', 'zq4ty9rw', '81rxs247']
9713	['fm8gril1', 'hbvwm62l', '227l4bzl', 'y8ibpd1g', 'bjjfxfei']
9718	['3ees74tt', 'krh63hqp', 'cwreauh8', 'ccxnsmia', 'aclzp3iy']
9725	['b9nsh19x', 'jr92ou2e', '5rdsn2mn', 'ovd98r01', 'y7v9zc6w']
9741	['1crb3kcu', '7k8nlea3', 'uv0wnj4z', 'i2anrjmq', 'iha9gjt4']
9744	['9rxv6fy9', 'x7ffgtrd', 'b22cioi2', '307rt03e', 'ewg9d4ei']
9745	['wcmxmahq', '0vy5yifk', 'pcekcvwr', 'e6miaabh', 'aqke0012']
9753	['52lcpf0x', '21lbbcxy', '9e3mxt1a', 'k3vs6vhz', 'di4p48ax']
9759	['9nyfz7s2', 'qqdcs77q', 'v0y734lu', '4iuxm6z2', 'w74mx03c']
9760	['t6rxsiat', '1jtln8wc', '0clp6zt6', 'ximw03ej', 's2hp3sat']
9761	['t6rxsiat', '1jtln8wc', 'f0m3wuyj', 's2hp3sat', 's0aqouwa']
9768	['ttvlddm2', '89fglwvk', 'g5ftdku9', '9o2nehet', 'wcqr1cxm']
9771	['33wqmdnk', '9b6cepf4', 'qdw86v8i', '3nf5bxv3', 'wzqdo1st']
9794	['dsfbmhbj', 'ct4licep', '9ok153yl', 'kugpzkyx', '1k0qpuys']
9803	['763v4duh', 'tra5ewc5', 'pppb83nc', 'qi1henyy', 'ike8mgh6']
9813	['v13kzr5y', 'l56c020a', '19skljon', '3xvphg52', 'a3efmczu']
9814	['3o5c0l24', 'a7nj8sgl', 'yzn6jibu', 'i4op2jkl', 'jv3u1c0e']
9816	['gvp58frm', '8uxntauq', '7cf9oo41', 'zv8xt1dd', 'dccymlie']
9819	['l3k9bb5m', 'n81gw19z', '45qyz490', 'lht6lhry', 'o68mentl']
9825	['zue5hnal', 'hqapg5ow', 'ximw03ej', 'umvrwgaw', '2bpyvgv7']
9828	['gbrf7fh7', 'gvihovvq', 'p32h5rp3', '7iey13v7', 'aq011b97']
9836	['3ees74tt', '92f2xg0y', 'hh37bsfp', 'k5t5rjhe', 'g283lf8j']
9840	['jjh1z5c6', 'vnijpl9l', 'cn3d6j6z', 'zh939alw', 'pw51kd1r']
9872	['gtp5daep', '2r0a357c', 'ax87r0bj', 'pgasbdpp', 'a64w0a1y']
9924	['53v1olqq', '1jtln8wc', 'wr4r7jd8', '9nicryzs', 'zueprmdz']
9933	['0cnjtxyq', 'fw7yp9jv', 'fteydbm8', '2kft1r3l', 'nd859o5r']
9937	['1s8jzzwg', '9hpkmjvu', 'x51jorbm', 'f96qs295', 'l8zfuhzk']
9940	['pxpo8jni', 'v0f5vxk0', '07scv3kv', 'a6gczznx', 'ea2c1l2q']
9953	['ivy95jpw', 'x8erq4pc', 'qkwmabna', 'cp6xu2ox', '5vvyd0wx']
9958	['3l3zs90e', '88mhfqkq', '8d0p6qpc', 'd21lvneh', 'c2pxokv4']
9959	['mtq19xku', 'v2tehu35', 'y8p78ep2', '0fpa1f30', 'uk6whrhz']
9960	['7vsv726x', 'qsv2d6yc', 'omz42d9y', 'y442ugst', 'dvi7pd4a']
9965	['yhmcx7ae', 'hezheq49', 'e8az2cw3', 'bgiyvqgw', 'p71adezi']
9997	['0vwspd6l', 'p8ckcvyj', 'rc6cza9r', '2egb0ftb', '4nuvdxjc']
10006	['sijfzd2o', '4zelg0m1', '4p6fcy8f', 'aawjla6h', 'cg6v3yma']
10008	['33wqmdnk', 'qdw86v8i', '2tre0wat', '3ttyxjgi', '3nf5bxv3']
10011	['eys1k8gb', 'vblfew3o', 'cv988sbx', 'uba4wym6', 'cbhlzemx']
10018	['eys1k8gb', 'vblfew3o', 'r66vfirw', 'cv988sbx', 'o43e6aid']
10025	['zcwh1892', '18swtk61', 'rr0v0ju1', 'cvoef8qt', 'nhy1ofwa']
10027	['v5beddu4', '9jfclm9c', 'us11gvdn', 'irx4pcsx', 'ef3qmfxk']
10107	['p91dk324', 'b1s3ubm1', '2dvljm27', 'nbn44sxq', '4ifng0a6']
10111	['1s8jzzwg', 'z86g8dzs', '9qsqj91d', 'gjtefdxb', 'sijfzd2o']
10125	['0cnjtxyq', 'u8mu4yga', 'rpwmcqbg', 'mcmqx7og', 'z479u0e3']
10137	['35xqlryc', 'uo3ww8j4', 'p5nte83n', 'vprj63y2', '8lyipugh']
10140	['u5rbvc3i', '05lgp662', 'r67lnbfc', 'q77tr31d', 'qxntta1u']
10146	['kxx3szjq', 'glyoiu93', 'zkhdjct7', 'z6gyw3um', 'vqbs5ot5']
10167	['01h205jf', '2damkjcs', 'bdxzphjb', 'mvo2k2jt', 'klqji8gj']
10182	['3u3i5myh', '86auifl6', 'a3i3t6od', 'c5be70t6', 'awn23o8y']
10186	['lghvztz8', 'wq3rlpo3', '43c1vind', 'yy77zuu4', 'k4ubol2x']
10202	['v0f5vxk0', 'fyy42zaf', '6vmfa6qx', 'rnkti5s2', 'jcueu1xh']
10223	['tra5ewc5', 'pu12u627', '9mn6trtn', 'i0swl50w', '0rzaa0fd']
10228	['a58wr0dp', 'yq2dt0gv', 'gtp5daep', '828eqxla', '4ifng0a6']
10238	['xjc0l0tv', 'n4kke717', 'y349r3r6', 'i3ahtzdd', 'ptd57hee']
10246	['cfbj6ize', 'xj1nw76b', '72s5lbz1', 'zkhdjct7', '5c1e0770']
10253	['d8lmft7i', 'alt4j58b', 'cvouxqxy', '4mlz5w0j', 'aqutzlx4']
10262	['gd19rkm2', 'xua4f77e', 'r8lv1zzx', 'uyy8zytj', 'bqgifset']
10268	['1lggbkly', 'm26xr9qr', 'tmonjdrp', 'qtzhfnr6', 'gqwwfpch']
10295	['eia1mvaw', 'clzxo1ly', '2yka2luy', '4jnppfco', '304aayyq']
10306	['js91utss', '8dgahmka', 'x14iywtr', 's6lzr81h', 'eflyypev']
10315	['721ofhsv', 'spkjn8bq', 'qqdcs77q', 'm13ndhaz', 'pxo11hwp']
10327	['vbnke2q5', 'dx2cx9lx', 'rxq2bgpp', 'ikon1ktb', '0a1m1niu']
10329	['ihlkhh2d', 'f6li7qil', 'rg3iygo4', '5q6cnfse', 'oa60fwht']
10333	['bu5kfsfi', 'd3530i86', '9miesbf1', 'x0iartdn', 'mpuhbr2p']
10337	['6r79qt66', 'kek9i9zd', 'w3zbf5k4', 'e4y6l4lx', 'qh6rif48']
10340	['1wcfrvnd', 'nwb7qf9l', 'zueprmdz', 'ccat4lyb', '8czk7ipr']
10346	['ylojjfri', 'h83qgmnq', '6xc4j09c', 'gjustwrb', 'ymv5uhxv']
10370	['djev6er7', '6gj02k04', 'mviiowbw', 'zzscey1f', 'd9egxof5']
10395	['8r7hnpij', 'njivwikk', 'agknmml1', 'wl7odjo2', '45qyz490']
10430	['wm3l1849', 'y5a9xtr5', '6zfpcm4j', '5tdmh0ac', 'i5j4nmjz']
10431	['orddpgl3', 'z8ajje2l', '5ngg5hm4', 'tzp03hmr', 'g1o4t8ps']
10434	['cfbj6ize', 'xj1nw76b', '5c1e0770', 'gpbcwdz0', 'sy2i7qe0']
10442	['cfbj6ize', 'xj1nw76b', '5c1e0770', '6r1hy34r', 'zkhdjct7']
10449	['mfziqu80', '1fdnbq1f', '1zuhilmu', 'gb1sk22m', '2h4cat6k']
10454	['ovd98r01', '4zxfghz3', 'b9nsh19x', '2z01f31n', 'ayd59zpj']
10465	['be8eu3qi', 'k30wvnx8', 'aizquh16', '5yaj4o0f', 'rhto8dpf']
10468	['tlknj4hm', '250glj07', '5ik10en4', 'qc6untrw', '6i9yw83j']
10490	['8lzpz58y', 'w50gorzr', 'ikon1ktb', '3g8asqkb', 'fsl4veps']
10493	['to2wxs8m', 'kgt61kcu', 'wf72fra8', 'lpqdnuil', 'b1fzmxdg']
10497	['k30wvnx8', 'ssicvtv0', 'lgtpeqhw', '4kfbs7j4', 'uom5r1pf']
10511	['4mp1iu55', 's7v66pvg', 'icnjhhyy', 'yw8a1ssd', 'kee1crfe']
10528	['3znsneqq', '8796x4ne', 'a8065dca', '55u69ino', 'enkjb39u']
10530	['m4hwwhux', 'd2pzezq8', 'vqbs5ot5', 'iuxrxwom', 'vrujbyet']
10558	['ey34e59f', '26kx1b0h', 'jo38hjqa', 'z22g03v4', 'r3w90vg8']
10563	['fe72aj3a', 'f257q7ku', 'nsflghc5', '4py6l839', '8ubugbn3']
10580	['8dgahmka', 'ua7hsfma', '7a8ym7uj', '06fhiu9q', 'thvhvf4t']
10582	['b1s3ubm1', 'p91dk324', '4ifng0a6', '3e8angvj', 'pf45ex8k']
10583	['h4fo8h90', 'z1gnvb6i', 'n9nu5n44', '8lyipugh', 'ikjfv4oh']
10592	['d81rq6b9', 'jtb71lfd', 'bgsbbszf', 'jyxrk9bz', 'l9lj98b1']
10599	['1bqohjst', '21lbbcxy', '1oiqa5zg', 'uarsobci', 'u7ligk1k']
10608	['3m9yonqe', '1ov3eydq', 'm0598zrc', 'dqhdws5k', 'w4dyadpa']
10618	['ivy95jpw', 'hert77y1', 'cntmsia6', '5f95gve3', 'jz6o9gnb']
10647	['d2pzezq8', 'konern28', 's82tyeis', 'iepagac8', 'fe14iohb']
10665	['f0m3wuyj', 'a0q61mpi', 'ykfidmzv', 'r58aohnu', 'usyduiti']
10682	['wfa5fb3r', 'g6elhxzt', 'bqn29m9k', 'etfweo49', 'rthsl7a9']
10685	['g9rs9cx8', '1pbo1qlb', 'z77wg8j9', 'uarsobci', '7wz030vg']
10702	['3qvh482o', 'o5zkv42f', '29tcwijl', '208w0eyz', '6sy80720']
10716	['gefb43hh', 'qpnjloe6', 'xs8w9shx', '0qnvydux', '5dwkunqw']
10722	['3jigt8mk', '69o6g1oe', 'ghssymgb', 'pxof8c2o', '73pzirry']
10733	['3xzivp7d', 'byvsuvn0', 'hhq50mrc', '6hehg1yf', 'oh5wm5qc']
10735	['r4btmprw', '0041cay9', 'dogsza0f', 'vjubia8r', '78qsuc5l']
10741	['g5ftdku9', '89fglwvk', 'xshqu7qm', 'q9d54z1s', '6a1fl65b']
10745	['tra5ewc5', '3ttyxjgi', '2tre0wat', 'qdw86v8i', 'pu12u627']
10752	['mkgszhkk', 'c2a07zg0', 'bkm8k9ud', 'ylqpkosd', 'ftt4diu4']
10758	['k4xafh5y', 'oxa060jf', '9mmdtgc2', '60sbhzfs', '61ltmgyx']
10763	['2sp8nm0i', 'o03mmjt2', 'msra1ghp', 'ibsktwj1', 'ziyzdcmg']
10768	['ax3e82js', 'r76tqrwz', '0r580il2', 'mo23hpe1', 'm847xdzk']
10777	['p4ejdth1', 'tyqeguyf', 'd4upbc3v', 'sqvdlnyj', 'prqrsb3c']
10781	['66fi7e69', 'whh34bjb', 'afytjnny', 'gjtefdxb', '0val27ca']
10789	['llcit7x2', 'fxvro3wl', 's2hp3sat', 'ci0hmkjk', 'jgq968f6']
10801	['xmiefdez', 'xsk68m5f', 'nq79qw82', 'v6w9mlsa', 'nrl6jkpc']
10822	['s23d5pns', 'se8tzya3', 'd7tk12u2', 'nq79qw82', 'q6svfacf']
10824	['i94boetk', 'vaeh5z4z', 's96b0s76', 'hzbtd39j', 'hsgmg99x']
10825	['w0vjyycy', '5tpkcd5z', 'qv1xdqau', 'dgcawqyk', 'a2xg7v07']
10849	['jqueo6zg', 'shlom61r', 'e0a1t2ig', 'oxa060jf', 'odlf9z1w']
10868	['gsvzkivp', '929rrh59', 'opogstc5', 'yg0ovmu5', '88ivkkaw']
10886	['dwgxrbag', 'lnzt3h1p', '376x58k1', 'soz9p0yd', 't2gxkxxd']
10892	['gtp5daep', 'ax87r0bj', 'ihlkhh2d', '4gj9d181', 'ghabnnv0']
10896	['01h205jf', '2damkjcs', 'bdxzphjb', 'mvo2k2jt', 'u0vg1305']
10899	['cj7tcpsz', '7xn7m662', 'y26bsn0n', 'fcb8egak', '3kde69wy']
10900	['5m23wtpi', 'xnrp2tpd', 'qydo3yr9', 'e63j8gci', 'hi4a02kw']
10913	['3ttyxjgi', '5vodag6c', 'qdw86v8i', 'e63j8gci', 'f96qs295']
10914	['fbm33qsm', 'o7qytdl5', 'cvoef8qt', 'sfm82h0g', 'q8dl0gcc']
10927	['nf6n6afo', '6ntvbee3', 'xgfk6txz', 'cixdw87l', 'jj2u35z4']
10944	['6oicmeam', 'fsid4a39', 'g283lf8j', 'o61dn71v', 'htitgh0v']
10953	['x8erq4pc', 'ivy95jpw', 'cp6xu2ox', 'd0s3vl2w', '5vvyd0wx']
10968	['9e6g15iw', '15q47bw5', 'cd7cfpx3', 'm79zl7ka', '4z8i83p4']
10975	['furicopj', 'birrxj48', 'u10j114l', 'mx1d9qqg', 'swaf5pao']
10991	['1fgnfh62', 's7sq53zy', '5f95gve3', 'pm825xn1', '38d6gb7o']
10993	['91ea40nz', '1a5oy6fr', 'ta3zlz4z', 'ux8jqekp', '6g7eeyjd']
10994	['3u3i5myh', 'x9lxyrgw', '86auifl6', '6r4jyop7', 'xmd8fh95']
10999	['06yuz5pn', 'tuqmar6w', '6o7q57xl', '7w0e546g', 'ztc4wvlw']
11000	['qh7biax3', 'f5twvg9g', 'mlrq0rjf', 'toy8i1lm', '3mfwweyr']
11006	['q9d54z1s', 'tv1a1hwj', 'lht6lhry', 'yuv6w9nt', 'g4ve91g5']
11010	['u5e26byy', 'ajzl3y46', 'd7eshkim', 'mdx41yqn', 'jcqce7jo']
11048	['yn2aylru', '6o7q57xl', '8dgahmka', 'se8tzya3', 'ua7hsfma']
11051	['zbkx78mm', 'k3mz6lf1', 'mhbwjwrg', '3yi44xfe', 'nfem3htm']
11056	['3xup6glg', 'vjpf1fk6', 'u1ilcmm2', 'cv5th7hd', '35meen0h']
11069	['kb3xi0fk', 'd8lx9ffy', 'qa6afon7', '1fxb5vru', '7lx4w75b']
11071	['tra5ewc5', 'pu12u627', '9mn6trtn', '763v4duh', '0rzaa0fd']
11092	['e8m2n9v6', 'i4p0n7d6', '5byvojjx', 'fbyq0nco', 'iuenuigz']
11117	['j5b0f3uk', 'birrxj48', '02bk8vtk', 'u10j114l', 'mx1d9qqg']
11124	['7hporv6w', 'kt7km3jb', 'fw7yp9jv', 'g4hlvnmq', 'tstx42h7']
11125	['qeqd4soe', 'sywxrxmf', 'y420tku1', 'jz6o9gnb', '0qy6hcgp']
11141	['eo89w6qp', '71ixs3y4', 'ppuki7qn', '3unp46lw', 'vge26qe9']
11165	['33wqmdnk', '3ttyxjgi', 'k8wb51i7', 'cq5il80s', 'qdw86v8i']
11191	['9wvlt53w', 'ywvk6gu6', '5t4twnpm', 'p196javw', 'c9sidpy9']
11203	['90323yzn', 'yeowvvqi', 'lypptk1l', '3q3ywthu', 'zerjg1ko']
11210	['xtraspw2', '8je46886', 'z86g8dzs', '9pb2eqoa', '9qsqj91d']
11223	['oa60fwht', 'jbimjcx4', '3cyo993u', 'p3cxk8gd', 'kajker7i']
11245	['h2h4bnd5', 'dgng39yd', 'zc10b6j5', '8acldtv2', 'lvrdgpyr']
11248	['609b8j39', 'zs78ndoa', 'ru2ty1y9', 'bns5eb1t', 'z43p1dmf']
11256	['dobxp4uy', 'ypvzanog', 'l63d9lyd', 'b4mjo92p', '09q2so3j']
11264	['3jn7tdaj', 'gdfvt4pu', 'f5twvg9g', 'v1cfaqyx', 'lr20prun']
11268	['hqapg5ow', '0cnjtxyq', 'wdvuweiq', 'a0q61mpi', 'ykfidmzv']
11271	['vjpf1fk6', 'ufk458to', 'nzfpgxa0', '2z2etb0s', 'lf9i6x2i']
11280	['zcwh1892', '18swtk61', 'ickqi7iw', 'ybcr7clp', 'eomtjrgc']
11290	['y1vjka66', 'ybyk54ts', 'lrsvg37a', '2jfo2csi', 'crqqrtj9']
11298	['4z8i83p4', 'qj1v04cf', '15q47bw5', 'ypvzanog', 'pgasbdpp']
11299	['gmp22v65', 'xpqfpizp', '312cg7b7', 'iwd8nkls', 'ln6t374j']
11319	['hn6clwoj', 'xvphsdg7', 'eumvomou', '13vixukm', '7e8zlt3t']
11332	['p485vc0h', '302hphhx', 'ir874dkj', 'awzozt7u', '46no7uq8']
11347	['cimmc4y8', 'zhg1hvsq', '1itor6ic', 'y6ufb4l6', 'v13kzr5y']
11363	['1tlduxz2', 'bkf7zbg7', 'ry13iyxn', 'di4p48ax', 'ex80jmnm']
11373	['qkwmabna', 'ivy95jpw', 's7sq53zy', 'hert77y1', 'qy4gsvac']
11384	['s7glsesb', 'hj3xxwru', 'p4ejdth1', 'm5a8toj9', 'sqvdlnyj']
11392	['f296patc', 'nt1e70dv', 'jlqpwfwm', 'g4i4hkhz', 'm2nupp4k']
11395	['g4i4hkhz', '52cub1om', 'u6b8iwr0', 'do5qr3ya', 'aclzp3iy']
11412	['vjpf1fk6', 'v13kzr5y', 'w0j0n8mn', 'grx4gx95', '2jfo2csi']
11426	['675v58x8', 'oud5ioks', 'd1w8xqvo', 'p6uliadr', '5dgggmv6']
11430	['idhbd102', 'tg00bqhf', 'd6wkv2rc', 'vc0ezpp7', 'qdtm4s83']
11431	['6tlzij5v', 'doi8buyw', 'c3wkwn0u', 'qbp5nid8', '3tnual3u']
11432	['2146o727', 'y047cuxp', 'pq75mafr', 'bctb0ewu', 'oap7i5ea']
11448	['kojb8efv', 'fhypca85', 'o7qibwzj', 'tat66vxm', 'h3tor88n']
11461	['s19w1p2i', 'je585xia', 'n1ysi7qc', 'l9lni5d3', 'r9di7ndv']
11463	['a0q61mpi', 'zue5hnal', 'ykfidmzv', '0cnjtxyq', 'cg6v3yma']
11473	['l3bruaeh', 'n81gw19z', 't1rtrbtd', 'fkwgq5mr', 'qxjwsp8u']
11483	['gtp01rna', '6a728le9', '6j45mmjh', 'qbj8n8h6', '1blzi9r3']
11489	['i3jsvtwp', 'ijoyk390', 'm45teajz', 'c2a07zg0', 'vjpf1fk6']
11496	['pv7tgwcg', 'djev6er7', '85jx7i06', 'b35rzdga', 'tloczjn5']
11498	['extp8epx', 'yce32jmg', 'rpglw6mm', '9qo95a1c', 'j7iis8h2']
11503	['2f09vauy', 'kt6rs1zo', 'hxpqexi1', 'kutc6ts0', 'p36ilfqj']
11510	['4eak8e8l', '9iomlhpv', 'p36ilfqj', '38paoyuc', 'y04dub8o']
11511	['0oxo2awm', '6a1fl65b', 'hgcsfxwo', 't7xaqtgo', '855atuue']
11530	['3wo90f5u', 'ozbmgd70', '4wbkis5w', 'yr27lnq8', 'a58wr0dp']
11539	['dqfndau7', 'e1macqqm', '8hz4go45', '9oui0l6v', 'wgc0cqyw']
11552	['5yscqct1', 'u8mu4yga', 'r58aohnu', 'dwtauu7f', 'ordof7g5']
11559	['n9aqux5a', 'svsib7yj', 'ruewzstg', '8lnjbxe5', 'ypqusgs3']
11573	['jb3wc81d', 'u9nmqcgs', 'cplyj4dm', 'g9com45e', 'pfa3h2e8']
11625	['z1uz0awb', 'uxn85mir', 'e8fhlo37', '34tqy9tb', 'irgnrr0j']
11631	['p3rnfifj', 'x60fkihk', 'jlr943nv', '6b6v39uy', 's2j4qf0j']
11633	['cfbj6ize', 'xj1nw76b', '5c1e0770', 'g63ed05i', 't5sgguxr']
11636	['ndn6iwre', 'uoj3sclr', 'kk7rlevl', '1smu8yc3', 'urv9o2f1']
11638	['6aku7ghk', 'eeev3k9x', 'ny6zepe9', 's7z1l3a9', 'fd4edh93']
11642	['0o3wjvpx', 'g15tvzn4', 'u6rt6zd4', 'aq6iypq1', 'dqlay9br']
11665	['k30wvnx8', 'ipsjsf0y', 'aizquh16', 'mf73oqp6', 'wjdif3r3']
11676	['ffy19pp9', 'faj85qxc', '5sauy21h', 'es7c7szs', '6qwj922f']
11680	['sv48gjkk', 'k0f4cwig', '69ly7gp4', 'cutwvq3b', '5nt99kyu']
11681	['es8l29ub', 'ksqxfx8m', '66g5lpm6', 'u691yyuc', 'g7d2fi5o']
11697	['06gxvptj', 't3t7sbmz', 'twlupt3x', 'v4dbkyjh', 'uh1mcgxh']
11700	['7g7sgabs', 'fdkt6moe', 'uarsobci', '78t2h7st', 'jpby8m6r']
11706	['1ov3eydq', 'dqhdws5k', 'm0598zrc', 'sygm6irl', 'd21lvneh']
11749	['ljpeq5aw', 'uyzalds2', 'mja2qlpk', '35xqlryc', 'gsplo37j']
11764	['x9sfgtim', 'ropgq7tr', '0cnjtxyq', 'u8mu4yga', 'mcmqx7og']
11793	['dsfbmhbj', 'elu3dztf', 'jgbwd3ib', 'dqbvnr0y', 'jdo7afuh']
11798	['stlvi1lh', 'lr5lumdr', 'zp93k874', 'qiphsrjz', 'ua10zb5y']
11815	['7hporv6w', '1itor6ic', 'zhg1hvsq', 'y6ufb4l6', 'prqrsb3c']
11817	['5jl2whuu', '5c8im9ci', 'fu61afkg', 'nle4axad', 'bmgfoine']
11827	['0emibwp3', 'r6r7k3zr', 'li8kvzdh', '6pn9jwfn', 'vmmztj0a']
11829	['ptnjbhtw', '379lh456', '93y40vnp', 'f33cgrp4', 'y2bsx8p2']
11836	['5tdmh0ac', 'bvzi49hy', 'j4pgpxoe', '9195zweg', 'mz7b6ey3']
11845	['a0q61mpi', 'nlnkgkjo', 'ykfidmzv', 'xtmn1n0r', 'ysf5k0ky']
11846	['tra5ewc5', '763v4duh', 'pppb83nc', 'ike8mgh6', 'wdn5skh2']
11850	['e0a1t2ig', 'pscw933i', 'xr70oiv3', '7iey13v7', '8f2r1d14']
11868	['vmijl5yu', 'blqukxw1', 'yiwq4uns', 'lbyvgqp2', 'ouvq2wpq']
11884	['beb9lxvn', '4img2we6', 'pxo11hwp', 'h1ncnt2c', 'u95kg3m0']
11899	['8iqs6jko', 'g57r3son', 'mnjy6bq2', 'w2c01295', 'f80cfjrn']
11913	['089b1z4b', 'zkxrjk3p', 'sncz4jkc', 'w7owso28', '1smu8yc3']
11915	['ruewzstg', 't4y1ylb3', 'tn8houmc', 'orddpgl3', '8l5i1z27']
11923	['n3xm6c0y', 'uliopaz0', 'lxqsc60e', '4mjg7jul', 'zkxrjk3p']
11925	['a40yhtqk', 'uohbxoeb', 'hn6clwoj', 'bzeqs5oh', 'dij3wy6q']
11940	['3u3i5myh', 'mo3y3mau', 'cfkeqgj3', 'ijzoa0yn', 'emvkiex9']
11961	['gj8p22hq', '83lgqe5c', 'nkx5zdfg', 'i5sem6al', '87v7i620']
11962	['asi26od1', 'fdn6h4gi', 'ja4oo96l', 'nji5ek3q', 'yfdcgilr']
11973	['0jvoa3ui', 'b0k91b91', '2la3hkzv', 'tffhk1hy', 'wuzeby05']
11974	['3bbiyucq', 'ln6t374j', 'j4hnitqx', '8wrvbt7o', 'kczhrxxd']
11991	['ao6632cb', 'qomhaso3', '4jjuwc9r', '5gq0wqej', '14xuei7l']
12002	['x4zuv4jo', 'uc316ncl', '8zufbeuz', 'b5yrfllu', 'z1wwlea2']
12007	['iatmjkzk', 'mpthhazv', 'rlpzejjt', '1n0qw2a5', 'uipe62sc']
12013	['zjnry1ny', 'm1tv7mgm', 'tl16qf33', 'lnnsxwk2', 'eko3rry2']
12041	['3u3i5myh', 'y1cazbqu', '5iudn4kq', '5nr3j1ew', '86auifl6']
12042	['r2cx0nmw', 'dljqpvyk', 'fdkt6moe', 'lbd6hn57', 'vsphu6ih']
12060	['a9lw6vrs', '353wr671', 'ogchq8gz', 'j5b0f3uk', '104lecie']
12075	['w2c01295', 'ohkki0ke', 'qsyqnwn5', 'ktjhr028', 'vvmb92wo']
12091	['2sb905jt', 'lmo2t4ho', 'raz9veem', '9ui0t9tf', '0iqdqcp6']
12097	['g5h4tazp', 'lsgm7y5t', 'lxzmiehr', '49er7f3r', 'sonxopa0']
12103	['qxhujttt', '32v44sw9', 'r07mv2ka', 'w2w98hey', 'nb27fn2z']
12105	['g5h4tazp', 'g4250q6l', 'q0a6b8jy', '7hsd4kde', '24ie3mhq']
12107	['g5h4tazp', '4ghn6zbd', 'ey34e59f', '05i5j6js', 'r3w90vg8']
12109	['qtzhfnr6', 'gtp5daep', 'be4afbyo', 'dgng39yd', 'cqz8ar83']
12113	['3kng7qea', '2jyp3ift', '8m59whf9', 'eu2vjpw9', 'eflwztji']
12114	['aclzp3iy', 'nb27fn2z', 'shxxhqx3', 'm40kwgcg', 's1jrb2tn']
12131	['ocguwlam', 'u1s6ciy4', 'y5a9xtr5', 'yfoqy2id', 'uohbxoeb']
12137	['j05hs577', '3p2cuxk0', '5xzn2myj', '8wpfjxci', 'cv5th7hd']
12157	['tra5ewc5', 'ays0clih', 'lr5lumdr', 'uyb0of5p', 'nom4z0tv']
12164	['omrb959r', 'hjmjav50', 'k5t5rjhe', '4pcv1i3i', 'xgfk6txz']
12180	['xtraspw2', '9pb2eqoa', 'z86g8dzs', '8je46886', '2rx84imv']
12214	['geo7ac5i', 'f2det6w2', 'tx2krngu', 'x44oc1k6', 'hcwuv519']
12221	['726t123x', '0yysikc1', '79niee4r', 'c4ihkcyr', 'd2s3170w']
12235	['5sfojk7y', 'vxaf9e7w', '3xvphg52', 'y3jx6fvj', 'hfbi7sk5']
12253	['xtraspw2', '2rx84imv', '8je46886', 'z86g8dzs', 'w0ebmg16']
12256	['4vuucmfd', 'ub7ilx98', 'g2nhydu6', 'vjg00epx', 'gi21di4d']
12273	['a7ve0dud', '03efdea2', 'eyhgtpe0', 'm26sn2qg', 'o99l5oh1']
12276	['5nv3ec5l', 'wn98fql3', 't0iw2vod', 'w0ebmg16', 'h7ftu3ax']
12277	['9195zweg', 'n1q1wr9s', '8so80bf9', '9k6uqs2q', 'cz0jg62z']
12278	['awfgfmx1', 'fpexa30s', 'q7vv128t', 'ec13mu0q', 'fm9mdllg']
12279	['9195zweg', 'a3i3t6od', 'cz0jg62z', '3a5965df', 'wbix36hf']
12286	['ueh60bz2', 'vaeh5z4z', 'djev6er7', 'npd9wz3u', 'qwgxm1ol']
12287	['9195zweg', 'cz0jg62z', '3a5965df', 'n1q1wr9s', 'nswj8x43']
12312	['72ncfyc5', 'rcbr4rvt', 'svgguadm', 'rl5g8iqm', '49jkx2hc']
12320	['3ehm118t', 'u7d6d8oa', '50ym7h4t', 'fow0f0nq', 'wkl3jyzn']
12334	['1fxb5vru', '679ds029', 'p0jht22m', 'y3c478hf', 't038136e']
12337	['ddwrvlc9', 'tf5a48i2', '9rctp6cz', 'pmd78j61', 'futzwn98']
12372	['q1nye2ih', 'leg5ntvu', 'vuxxerob', 'toixg0hy', 'y6jrt5xh']
12393	['emg87q94', 'ssicvtv0', 'vjpf1fk6', 'bb3l8apn', 'w0j0n8mn']
12404	['h4cu63cm', 'c0i45oix', 'u0jddsup', '8hbll61z', 'glxt2q6f']
12406	['2uidarm3', 'u8t64wmg', 'dogsza0f', 'fnok2eoj', 'tzxrztr7']
12423	['q1nye2ih', 'ybliwnw6', 'dqlay9br', '1blzi9r3', 'snlukr6c']
12427	['lirsu408', '9ige2pwd', '78wu4kgv', '2u5zxc2i', 'g41pd9uz']
12447	['2cwvga0k', 'f3eogz0n', 'xbqbwh9j', 'v0f5vxk0', '6vmfa6qx']
12461	['o0m20894', 'pcekcvwr', 't1ho5c9h', 'eubmiblw', 'akdg2ljo']
12501	['v4ubd1l6', 'z5rwznmv', 'w1azm2mc', 'wh3k3u28', '3jgm3uhs']
12513	['uarsobci', 'mom4y7cl', 'si5mxgrk', '7pcnf2iv', 'duqgd4gs']
12517	['9avmlz30', 'lt7qsxxh', '96lxmeqx', 'du8wmh6n', 'h1sura49']
12530	['qn6wawxk', 'dsz66r4u', 'vi1jl4po', 'rtus1qyw', 'q6dxytcj']
12551	['mb18fj8a', 'lcqxnrge', 'es8l29ub', '66g5lpm6', 'hhq50mrc']
12572	['3u3i5myh', '86auifl6', 'x9lxyrgw', 'y1cazbqu', '5iudn4kq']
12579	['0g4naq14', '9lwtmn6c', '1n0qw2a5', '48ay8yl3', 'bv1v3awh']
12582	['0y2kq6zg', 'sonxopa0', 'eo8rbcy2', 'i03mrw1i', 'hkopopa6']
12596	['be8eu3qi', 'mayhg4jq', 'rxq2bgpp', 'n24k9s1s', '75rhjcz5']
12603	['vjpf1fk6', '8wrvbt7o', 'hqod7v2l', '35meen0h', 'cv5th7hd']
12622	['vl7eqzu4', '45r6aieu', 'jmhexmet', 'bp2ilntr', 't4os33em']
12637	['xf7k56sp', '7yldl4ld', '1lggbkly', 'itvjhlnn', 'l0l2ev29']
12643	['bw6a5gmy', 'y6ufb4l6', '24u6q3ae', 'hc4zu9t5', 'd78zcfls']
12648	['pi1yzeqg', 'y7lrp0gc', 'cwdtyr1v', '0ul6k6uw', 'lgnhlxgd']
12662	['nb5ayz0h', '0vmxjil6', 'p7rpfsph', 'ezrarusj', 'p71adezi']
12669	['8dgahmka', 'ua7hsfma', 'b3ntww9i', 'b9jcuwu5', 'v6qgjuas']
12689	['hqod7v2l', 'y98m15aq', '223wnwd4', '1ktrjzha', 'vjpf1fk6']
12697	['mw0wb8a8', 'xcsl2evz', 'dnxhtbxn', '69fmtury', '3r8jbhhq']
12709	['376x58k1', 'mlo8zypy', '9n7bkayx', 'm26sn2qg', 'qalficgu']
12713	['6ki9km50', '2l5gc4x2', 'ii2fmi39', '1xvj7xq7', 'j5sj9b3d']
12715	['lwhy2spw', 'l5xecp5p', '6mpxu6r0', 'w9qei8zj', '7hsd4kde']
12730	['q4tj5xus', 'wfc2psyz', 'tdjkkeh2', 'z5rwznmv', 'z4ikmd1f']
12731	['eje3i558', 'm2bmp8s8', 'uuy94dwa', '38d6gb7o', 'fcb8egak']
12737	['3oetrhdh', 'o6i5ca7h', 'sjkni2uc', 'u6b8iwr0', '9pn62o4p']
12738	['1xvj7xq7', 'g3hujz5o', 'iu6epm2i', '4unn3fmu', 'bs5hcx6l']
12743	['3oetrhdh', 'g1zce6p9', 'r9di7ndv', 'dsq8exly', 'l6kcpnbj']
12754	['9hpkmjvu', 'f96qs295', 'u8mu4yga', 'zue5hnal', 'uyb0of5p']
12761	['q4aqkr0w', 'mnjy6bq2', 'itxde5mw', '8iqs6jko', 'hqapg5ow']
12766	['iwdklgyp', '06fhiu9q', 'iucrorzh', 'thvhvf4t', '7a8ym7uj']
12799	['ohfi48d6', 'z71bquck', 'ajmelb8a', 'ewb09f5h', '3q36knqh']
12801	['v9366atg', 'z0hy52cu', '1m2mp7o7', '3ss714ha', 'ratbgibg']
12805	['ox59xb6z', '5vx2ylui', 'b5eve7re', '7gj2cl8r', 'lq580iwg']
12809	['rb20ge7e', 't3dzso36', 'ljlsvc9h', '5jlohhmv', 'nt1e70dv']
12822	['vk6rms29', 'tn8houmc', 'ruewzstg', 'yrhb6ktc', 't4y1ylb3']
12829	['r6pn17no', '8t2tic9n', 'gin90aef', 'q4gattkk', 'iyw43izp']
12831	['qkg8fwbp', 'u5nxm9tu', 'di4p48ax', '9ud32cvb', 's9lkvzpo']
12834	['723l0buc', 'ncfvllzi', '8nk7pplh', 'rxq2bgpp', 'md0drb25']
12838	['x220pjeg', '9mmdtgc2', 'd8vo0ncl', '0u4nmrq4', 'auo73dv7']
12842	['ufcheghf', '8hlhp8i7', '2cq5vpyd', '1h9ewx5j', 'lricvxim']
12886	['6o7q57xl', '3ttyxjgi', 'tm9jb7bq', 'ztc4wvlw', '582ts5mf']
12907	['tra5ewc5', '763v4duh', 'iu1d9i57', 'jjh1z5c6', 'wdn5skh2']
12910	['3ttyxjgi', 'db8fl9d2', 'e63j8gci', 'qdw86v8i', 'f96qs295']
12916	['cgxs9uam', '1igydu3y', 'unx1pv2k', 'shxxhqx3', 'nxws3pzb']
12920	['bf654xie', 'cgxs9uam', '2ddaulby', 'mfop9fne', 'taa380l3']
12926	['630w2rtn', 'xhkjbeam', '7xt894vr', '64qt0w2a', '2hfkrl8m']
12950	['7xnh53x0', 'hfjil003', 't019zx7q', '6tlzij5v', 'cmeiqnng']
12954	['9195zweg', 'n1q1wr9s', '9k6uqs2q', '8so80bf9', 'cz0jg62z']
12963	['wrnooffp', 'g1w6w5tm', 'uarsobci', 'zr9zx7pv', 'bgsbbszf']
12967	['01c1hxav', 'qgxaekae', '6qwj922f', '4mx9t5td', 'v1kozp4s']
12972	['i9nchww2', '5053t5ki', '929rrh59', '6uli512b', 'tweqie5k']
12973	['2cwvga0k', 'f3eogz0n', 'mhbwjwrg', 'qv6oxjwd', 'vf1vku8s']
12984	['f96qs295', 'u8mu4yga', '9hpkmjvu', 'zue5hnal', '1s8jzzwg']
12989	['vrate482', '3xw4qjoy', 'tjplc5j6', 'pm3ck1gk', '7pcnf2iv']
12990	['vrate482', '04vbjlab', 'lirsu408', '3ss714ha', 'gp3ib74q']
13002	['4jyltfus', 'rpxw3a01', 'wm3l1849', 'pfl6b7sg', 'fgdzfr39']
13028	['3u3i5myh', 'cfkeqgj3', 'cieh5gyp', 'emvkiex9', '6akx6xpt']
13045	['d4eae8g3', 'z795y51f', '0qu9kwm1', 'cvkdpnn3', 'sv48gjkk']
13046	['jlqpwfwm', 'e9vvjv8w', 'p91dk324', 'vegaicq8', 'x419odra']
13049	['8fnis63j', 'xjrhd6ee', 'sruhwd8j', 'jvqlmqsy', 'ltlg3y5k']
13050	['84z7jgcl', '9getsuci', 'z6cdyy0w', 'j4bfn87k', '1jpwtd4t']
13052	['q55l1chd', 'gtp5daep', 'ghabnnv0', 'h2sza0if', 'jtn3y35w']
13053	['i4p0n7d6', '87v7i620', 'mm4kgvt1', 'lwhy2spw', 'k8wb51i7']
13063	['llcit7x2', 'zq9ehv7a', 'a4klrp3h', 't59eq1wh', 'su41e4vo']
13078	['jvqlmqsy', 'g4pd6g4j', 'hpyzi04z', 'd4p5r746', 'a9lw6vrs']
13147	['zpxnr9s9', 'oah1to9w', 'xmqdk2wz', 'xo7q4dqr', '4bbngq0z']
13153	['jk5tczo0', 'jn1w8h2p', 'wk4zxmz9', 'iu2frsec', 'jb3wc81d']
13158	['1u532bz9', 'ge8o93rh', '0jwed8p9', 'o34l05d0', 'nh4dw75x']
13167	['rog2h4g7', '6tlzij5v', '6prgaitk', '2axyombe', 'wiei5dpt']
13170	['4ifng0a6', 'y6zisciu', 'ohuw75ii', 'pofysmv8', 'w4m9agd0']
13171	['3f0pgo4z', '6d5tp5hy', '9ei6ubx6', '9lu2stp4', 'hw2s28hs']
13189	['bzo4x7bh', 'v67s4yz9', 'av3sm2kb', 'zuaji5pq', '5utq6bzk']
13194	['omrb959r', 'hjmjav50', 's3eo0ze4', 'k5t5rjhe', 'wgbyqfrx']
13204	['s2hp3sat', 'jgq968f6', 'oywhabcd', 't5sgguxr', 'zc10b6j5']
13209	['1itor6ic', 'prqrsb3c', 'zhg1hvsq', 'v13kzr5y', 'y6ufb4l6']
13210	['sh9w4ipq', '2bfxfl0v', '7qrdvap1', '6e24bliq', 'cnir3fx1']
13216	['qeqd4soe', 'fq5nayxt', 'i3jsvtwp', '1ef8ac5c', 'xjl11qzh']
13234	['3km6yfr6', '8f1k9g93', '6gqxf34l', 'zqg1r6c8', 'vzdu9jwn']
13239	['6g4oclln', 'oh5wm5qc', 'vjpf1fk6', 't0l6mlm5', 'w0j0n8mn']
13250	['rpjg4a9i', 'k2zrdjyo', 'r1wh54q1', 'z1y1zgo8', 'rc5d6wi3']
13254	['ncbjncfx', 'yidait6a', '6ndqgxy8', 'dkderykk', 'ppe8br4z']
13257	['d60chk12', '4cy3er3y', 'xbqbwh9j', '3o91v72a', 'pxwwpfos']
13269	['9hpkmjvu', 'u8mu4yga', 'f96qs295', 'zue5hnal', 'uyb0of5p']
13278	['63b7yidq', 'mi6bdisx', 'zjujs11q', '6o7q57xl', 'b9vm3x3w']
13280	['6t92yhti', 'idlk9itu', 'ot04th3v', 'h4kc04w0', '00ugdhvf']
13281	['7hporv6w', 'pq3n18ae', 'hakbt2zp', 'dlwfu274', '63b7yidq']
13310	['8hkxbxz9', 'jb3wc81d', 'adv2siu3', 'pfa3h2e8', 'y047cuxp']
13327	['d2pzezq8', '60en5zy7', 'jmzjfwxi', 'cxqzo58q', 'c8f8yqpp']
13330	['ysf5k0ky', '1u532bz9', 'nlnkgkjo', '9miesbf1', 'bxuwx1jj']
13332	['5kchpjx0', 'm1glq4ac', 'edr7hrhp', '5nncqp3z', 'a6gczznx']
13342	['wa4gt5sy', 'mpeugvt9', 'vx9vqr1k', 'ddwrvlc9', 'zq4ty9rw']
13346	['gtp5daep', 'dlwwcryb', 'vo4csaah', '4vjpu9t1', 'rpwmcqbg']
13352	['zdfslfmb', 'xmd8fh95', '3u3i5myh', 'a4klrp3h', '78d7vub4']
13366	['tbio295u', '25jq098w', 'w1jmmrlj', 'q5f98qzk', 'z9vjo98p']
13367	['q1nye2ih', '6j45mmjh', 'mhbwjwrg', 'gtp01rna', '6a728le9']
13373	['1iclw0nt', 'st3fyb64', 'sgezc9kx', 'm6yop8yi', 'w7smahni']
13377	['u30uz8sk', 'h3tor88n', '01c1hxav', 'eml8uilb', '4zswxeth']
13402	['tra5ewc5', 'z86g8dzs', 'lr20prun', 'pu12u627', '1s8jzzwg']
13405	['qn6wawxk', 'dsz66r4u', 'su41e4vo', '62xdiz68', 'uy1xibll']
13412	['msb6wgnv', 'brt4zrhe', '9s98t4h7', 'e9xx6mhg', 'd6zrj60t']
13421	['urv9o2f1', 'lnxsblg3', '7gj2cl8r', 'gbgcfa2o', 'o86wki37']
13445	['t3dzso36', 'gw9hkw00', 'rb20ge7e', 'wzp7hpgc', 'ljlsvc9h']
13446	['cfbj6ize', 'xj1nw76b', '5c1e0770', 'waerqfzu', 'mumbnmgz']
13451	['g5uu01aa', 'q4gattkk', 'gsplo37j', 'niqka1hh', 'fien6nra']
13462	['00xnsdt9', 'sywxrxmf', '6o7q57xl', 'oxad3dae', 'nvbt5gxl']
13480	['92z77upt', 'a0q61mpi', 'r58aohnu', 'w1bx4a7v', 'noale9n1']
13485	['2my9o9fy', '1itor6ic', 'prqrsb3c', 'pksg0exj', 'zhg1hvsq']
13500	['7f5nywod', '1fzqh9mb', 'yadb7gwj', 'pi9ndj9p', '4co920gp']
13503	['ikon1ktb', 'md0drb25', 'rxq2bgpp', 'n9nh9k40', '4kfbs7j4']
13513	['a8u31pkr', '998a0aoc', 'ovowswd7', 'rztwiflt', 't1rtrbtd']
13529	['ndcg3o7a', 'mru0mcup', 'whkfvd7l', 'dfhxcqr8', 'vrttjv2b']
13542	['tvhn7lnu', 'qh7biax3', '929rrh59', '54fmvcl5', 'frx9hfxg']
13555	['828eqxla', 'wqicq5ry', 'h4otzeah', 'cmp1bvhd', 'i4p0n7d6']
13560	['rn8eezep', 'uj0k84vk', 'a4fj3c5e', 'kk7rlevl', 'vqswp96l']
13561	['k1n00gir', 'xvctmmzt', 'jk5tczo0', 'pzbs8e1h', '4ohgr8j7']
13577	['90323yzn', 'e6m1tkrs', 'lypptk1l', 'zkdk2v5e', 'nzc9essr']
13603	['g2j4uqem', '16qdfits', 'p3ytwqeg', 'zpavu0eh', 'f14n0hk6']
13617	['nlnkgkjo', 'tra5ewc5', 'ysf5k0ky', 'j46bet38', 'q1yn89cq']
13618	['jtb71lfd', 'w7gr98j9', 'i55203bt', '1tx3tl0f', 'hdjlnot1']
13622	['delciztu', 'of16ewcj', 'am2vzj11', 'euyvqz2q', 'jw6kh8os']
13628	['mzon01fd', 'pw51kd1r', 'sts48u9i', 'zd2mb7wy', 't3b2adct']
13647	['itxde5mw', 'w0ebmg16', 'q4aqkr0w', 'z86g8dzs', 'w2c01295']
13648	['nbdk83ok', 'uarsobci', '45qyz490', 'park7t3g', 'dudc5eh8']
13649	['2firaix6', '7ouo6beb', 'gsgbhqwl', 'pvrp8u8n', 'y6zisciu']
13653	['itxde5mw', 'w0ebmg16', 'q4aqkr0w', 'xtraspw2', '9pb2eqoa']
13669	['t2gxkxxd', '2r0a357c', 'ml8j19l7', 'n9zqc1gm', 'vwmjf326']
13670	['t5wzsjxc', '9ds4ot1q', 'z86g8dzs', 'e1mnj7bf', 'pindjvhk']
13676	['s1dert6n', '2hkdhwaw', '4rsvcbnz', 'tvhn7lnu', 'zmc0kl4r']
13679	['n3xm6c0y', 'zkxrjk3p', 'ixnko86u', '4mjg7jul', 'dzlqe7n5']
13682	['0vy5yifk', 'wcmxmahq', 'e6miaabh', 'aqke0012', 'yjibz8ie']
13707	['78d7vub4', '3u3i5myh', '5nue46dm', 'jo724gaw', '121p2shq']
13728	['wbk363w1', 'vbayngh0', 'hnwtz96p', 't3qddrc2', '6o7q57xl']
13751	['53vvp3j5', 'l8sozg8v', 'vc6j8ao2', '726t123x', 'yu7h0es1']
13816	['ngb7pbyl', 'nksd3wuw', 'etfweo49', 'lcqxnrge', 'vymre7uv']
13823	['1a5oy6fr', 'wd7drbky', 'syy2r7jr', 'dpyz8uh4', 'm13ndhaz']
13824	['9phgag8q', 'x14iywtr', 'rr87vhd0', '6uli512b', 'y0wu60n4']
13826	['2my9o9fy', 'ls4qfvwq', 'lsvf3hl6', 'wcyqks52', '1px7yvew']
13844	['tra5ewc5', 'pu12u627', '9mn6trtn', 'lr20prun', '0rzaa0fd']
13884	['c18arb6s', '7xnga86x', 'fnguelau', 'nt1e70dv', '53t1mhnb']
13887	['7xt894vr', '5xon5yb4', 'gbf8beq4', 'awb1stsr', 'vo4csaah']
13899	['x60fkihk', 'shxxhqx3', 'jn68rbvb', 'jlr943nv', 'rvny2khn']
13909	['1adofojj', '6qwj922f', 'm79zl7ka', 'cd7cfpx3', 'g1zce6p9']
13913	['i88ccp9w', '1na6yp9b', '3c1fujrd', 'axa9cqk6', 'h0ex5siq']
13925	['f5twvg9g', 'gtp5daep', 'ls4qfvwq', 'xolflz8g', 'snjg9p0o']
13937	['s599iazh', 'ai5dfdfk', '3aa6kd3j', '4cy3er3y', 'dkderykk']
13992	['r58aohnu', '5yscqct1', 'mm4kgvt1', '9qsqj91d', 'f4jx3b2q']
14002	['tra5ewc5', 'z86g8dzs', 'lr20prun', '1s8jzzwg', 'i1yf8fgk']
14034	['ypp1foym', '7nssge06', 'm847xdzk', 'xyuj1j57', 'y7lrp0gc']
14040	['jbom8iq6', 'o6zww1rr', '2u5zxc2i', 's245n3qw', 'asrkuts7']
14044	['1ad18z11', 'z3o3ib2f', 'wcyqks52', 'j2t0ofgt', '2xjv2fb6']
14053	['7vsv726x', 'qsv2d6yc', 'y442ugst', 'dvi7pd4a', 'bpu3hpbn']
14070	['4hmecfi0', 'mp1z0269', 'mom4y7cl', 'frr4vu0w', 'z22g03v4']
14072	['g5h4tazp', 'zz4cczuj', 'hhy9g1yf', 'tuqmar6w', 'kiq6xb6k']
14076	['v4ubd1l6', 'w25jpub7', 'mom4y7cl', '296ilxyg', 'hm332jqo']
14077	['xbobfec8', 'wcqr1cxm', 'jbom8iq6', '5wg2clq7', 'tah4bpj1']
14084	['xmjj1s5s', 'nah1utm8', 'v77n1vbf', 'op1d2o5x', '22b3rl2s']
14111	['y6ufb4l6', '6ys3uogb', '3bicoye0', 'sr9qxnu2', 'xlscrlc9']
14122	['6ywpbdny', 'rz9upijf', 'u7tqolyi', '1fxb5vru', 'n3upa0xn']
14125	['5053t5ki', 'fnojlsnj', 'qwax5tg9', 'vnsag9fc', 'pjhu8xdh']
14130	['dsfbmhbj', '32ua8wb6', 'l5xecp5p', 'f2det6w2', 'a4babgpl']
14132	['znswomwk', 'nswj8x43', '9195zweg', 'x7qlnugx', 'fdkwklzj']
14134	['6pn9jwfn', 'soa71kwx', '5nyc1cn5', 'ftxgcgkb', 'j3vpbk4q']
14139	['98ejxivc', 'rhnr430g', '8p0xdqba', '6nt6msrm', 'yj3yisum']
14143	['9195zweg', '5bu0eafr', '25jq098w', '71ixs3y4', 'ngywgodg']
14152	['vf7xj5qt', 'myqm6xwx', '0z1gzsfh', 'okh5z7m1', '859q36i1']
14153	['9195zweg', 'n1q1wr9s', 'cz0jg62z', '8so80bf9', 'nswj8x43']
14193	['0gn3b98n', '0e97tdez', 'soa71kwx', 'hgpiig0g', 'd8x3b9a3']
14196	['a0q61mpi', 'mhbwjwrg', 's1gdbsfx', '0yysikc1', 'pw51kd1r']
14203	['qn6wawxk', 'dsz66r4u', 'uy1xibll', '059oj76m', '7x1aj0cz']
14233	['zrnxq5uq', 'tzdgc3dw', 'y3vhezw8', '2u9eenwu', 'd3fpqczo']
14236	['nih4l4ok', 'pmvaxas6', 'ndcg3o7a', 'rm6av6sj', 'q5ie1v0v']
